06-24 13:48 DEBUG    !!!!!!!!!!!!!!!!!!!!!!!!!!!!!!!!!!!!!!!!!!!!!!!!!!!!!!!!!!!!!!!!!!!!!!!!!!!!!!!!
06-24 13:48 DEBUG    ***Logger started up at /mnt/d/MuhammadBilal/scripts/ANI-Analysis-Tutorial/ani-analysis-tutorial-project/example_outputs/drep/drep_compare/log/logger.log***
06-24 13:48 DEBUG    Command to run dRep was: /root/miniconda3/envs/gtdbtk_new/bin/dRep compare example_outputs/drep/drep_compare -g toy_genomes/A_reference.fna toy_genomes/B_same_species_98ANI.fna toy_genomes/C_boundary_95ANI.fna toy_genomes/D_related_below_species_92ANI.fna toy_genomes/E_distant_85ANI.fna -p 4

06-24 13:48 DEBUG    dRep version 3.6.2 was run 

06-24 13:48 DEBUG    !!!!!!!!!!!!!!!!!!!!!!!!!!!!!!!!!!!!!!!!!!!!!!!!!!!!!!!!!!!!!!!!!!!!!!!!!!!!!!!!

06-24 13:48 DEBUG    Namespace(operation='compare', work_directory='example_outputs/drep/drep_compare', processors=4, debug=False, genomes=['toy_genomes/A_reference.fna', 'toy_genomes/B_same_species_98ANI.fna', 'toy_genomes/C_boundary_95ANI.fna', 'toy_genomes/D_related_below_species_92ANI.fna', 'toy_genomes/E_distant_85ANI.fna'], S_algorithm='fastANI', MASH_sketch=1000, SkipMash=False, SkipSecondary=False, skani_extra='', n_PRESET='normal', P_ani=0.9, S_ani=0.95, cov_thresh=0.1, coverage_method='larger', clusterAlg='average', low_ram_primary_clustering=False, multiround_primary_clustering=False, primary_chunksize=5000, greedy_secondary_clustering=False, run_tertiary_clustering=False, gen_warnings=False, warn_dist=0.25, warn_sim=0.98, warn_aln=0.25)
06-24 13:48 DEBUG    Starting the compare operation
06-24 13:48 INFO     ***************************************************
    ..:: dRep compare Step 1. Cluster ::..
***************************************************
    
06-24 13:48 INFO     Running primary clustering
06-24 13:48 INFO     Running pair-wise MASH clustering
06-24 13:48 DEBUG    Clustering MASH database
06-24 13:48 DEBUG    Saving primary_linkage pickle to /mnt/d/MuhammadBilal/scripts/ANI-Analysis-Tutorial/ani-analysis-tutorial-project/example_outputs/drep/drep_compare/data/Clustering_files/
06-24 13:48 INFO     2 primary clusters made
06-24 13:48 INFO     Running secondary clustering
06-24 13:48 INFO     Running 17 fastANI comparisons- should take ~ 1.8 min
06-24 13:48 DEBUG    running cluster 1
06-24 13:48 DEBUG    /root/miniconda3/envs/gtdbtk_new/bin/fastANI --ql /mnt/d/MuhammadBilal/scripts/ANI-Analysis-Tutorial/ani-analysis-tutorial-project/example_outputs/drep/drep_compare/data/fastANI_files/tmp/genomeList --rl /mnt/d/MuhammadBilal/scripts/ANI-Analysis-Tutorial/ani-analysis-tutorial-project/example_outputs/drep/drep_compare/data/fastANI_files/tmp/genomeList -o /mnt/d/MuhammadBilal/scripts/ANI-Analysis-Tutorial/ani-analysis-tutorial-project/example_outputs/drep/drep_compare/data/fastANI_files/fastANI_out_cgtcfpzrqy --matrix -t 4 --minFraction 0 cgtcfpzrqy
06-24 13:48 DEBUG    running cluster 2
06-24 13:48 DEBUG    /root/miniconda3/envs/gtdbtk_new/bin/fastANI --ql /mnt/d/MuhammadBilal/scripts/ANI-Analysis-Tutorial/ani-analysis-tutorial-project/example_outputs/drep/drep_compare/data/fastANI_files/tmp/genomeList --rl /mnt/d/MuhammadBilal/scripts/ANI-Analysis-Tutorial/ani-analysis-tutorial-project/example_outputs/drep/drep_compare/data/fastANI_files/tmp/genomeList -o /mnt/d/MuhammadBilal/scripts/ANI-Analysis-Tutorial/ani-analysis-tutorial-project/example_outputs/drep/drep_compare/data/fastANI_files/fastANI_out_lkkpdcchrc --matrix -t 4 --minFraction 0 lkkpdcchrc
06-24 13:48 DEBUG    Clustering ANIn database
06-24 13:48 DEBUG    making dictionary for average_ani
06-24 13:48 DEBUG    list comprehension for average_ani
06-24 13:48 DEBUG    averageing done
06-24 13:48 DEBUG    Clustering ANIn database
06-24 13:48 DEBUG    Saving secondary_linkage pickle /mnt/d/MuhammadBilal/scripts/ANI-Analysis-Tutorial/ani-analysis-tutorial-project/example_outputs/drep/drep_compare/data/Clustering_files/ to secondary_linkage_cluster_1.pickle
06-24 13:48 INFO     Step 4. Return output
06-24 13:48 DEBUG    Main program run complete- saving output
06-24 13:48 INFO     ***************************************************
    ..:: dRep compare Step 2. Evaluate ::..
***************************************************
    
06-24 13:48 DEBUG    Loading work directory
06-24 13:48 DEBUG    Located: /mnt/d/MuhammadBilal/scripts/ANI-Analysis-Tutorial/ani-analysis-tutorial-project/example_outputs/drep/drep_compare
Datatables: ['Bdb', 'Cdb', 'Mdb', 'Ndb']
Cluster files: ['primary_linkage', 'secondary_linkage_cluster_1']
Arguments: ['cluster']
06-24 13:48 DEBUG    evaluating ['2']
06-24 13:48 INFO     will provide warnings about clusters
06-24 13:48 INFO     0 warnings generated: saved to /mnt/d/MuhammadBilal/scripts/ANI-Analysis-Tutorial/ani-analysis-tutorial-project/example_outputs/drep/drep_compare/log/warnings.txt
06-24 13:48 INFO     ***************************************************
    ..:: dRep compare Step 3. Analyze ::..
***************************************************
    
06-24 13:48 INFO     making plots 1, 2, 3, 4
06-24 13:48 INFO     Plotting primary dendrogram
06-24 13:48 DEBUG    Loaded backend agg version v2.2.
06-24 13:48 DEBUG    findfont: Matching sans\-serif:style=normal:variant=normal:weight=normal:stretch=normal:size=10.0.
06-24 13:48 DEBUG    findfont: score(FontEntry(fname='/root/miniconda3/envs/gtdbtk_new/lib/python3.10/site-packages/matplotlib/mpl-data/fonts/ttf/DejaVuSerif.ttf', name='DejaVu Serif', style='normal', variant='normal', weight=400, stretch='normal', size='scalable')) = 10.05
06-24 13:48 DEBUG    findfont: score(FontEntry(fname='/root/miniconda3/envs/gtdbtk_new/lib/python3.10/site-packages/matplotlib/mpl-data/fonts/ttf/STIXGeneral.ttf', name='STIXGeneral', style='normal', variant='normal', weight=400, stretch='normal', size='scalable')) = 10.05
06-24 13:48 DEBUG    findfont: score(FontEntry(fname='/root/miniconda3/envs/gtdbtk_new/lib/python3.10/site-packages/matplotlib/mpl-data/fonts/ttf/DejaVuSerif-Bold.ttf', name='DejaVu Serif', style='normal', variant='normal', weight=700, stretch='normal', size='scalable')) = 10.335
06-24 13:48 DEBUG    findfont: score(FontEntry(fname='/root/miniconda3/envs/gtdbtk_new/lib/python3.10/site-packages/matplotlib/mpl-data/fonts/ttf/STIXSizThreeSymReg.ttf', name='STIXSizeThreeSym', style='normal', variant='normal', weight=400, stretch='normal', size='scalable')) = 10.05
06-24 13:48 DEBUG    findfont: score(FontEntry(fname='/root/miniconda3/envs/gtdbtk_new/lib/python3.10/site-packages/matplotlib/mpl-data/fonts/ttf/STIXSizFourSymBol.ttf', name='STIXSizeFourSym', style='normal', variant='normal', weight=700, stretch='normal', size='scalable')) = 10.335
06-24 13:48 DEBUG    findfont: score(FontEntry(fname='/root/miniconda3/envs/gtdbtk_new/lib/python3.10/site-packages/matplotlib/mpl-data/fonts/ttf/DejaVuSansMono-Bold.ttf', name='DejaVu Sans Mono', style='normal', variant='normal', weight=700, stretch='normal', size='scalable')) = 10.335
06-24 13:48 DEBUG    findfont: score(FontEntry(fname='/root/miniconda3/envs/gtdbtk_new/lib/python3.10/site-packages/matplotlib/mpl-data/fonts/ttf/cmsy10.ttf', name='cmsy10', style='normal', variant='normal', weight=400, stretch='normal', size='scalable')) = 10.05
06-24 13:48 DEBUG    findfont: score(FontEntry(fname='/root/miniconda3/envs/gtdbtk_new/lib/python3.10/site-packages/matplotlib/mpl-data/fonts/ttf/STIXNonUniBolIta.ttf', name='STIXNonUnicode', style='italic', variant='normal', weight=700, stretch='normal', size='scalable')) = 11.335
06-24 13:48 DEBUG    findfont: score(FontEntry(fname='/root/miniconda3/envs/gtdbtk_new/lib/python3.10/site-packages/matplotlib/mpl-data/fonts/ttf/STIXSizThreeSymBol.ttf', name='STIXSizeThreeSym', style='normal', variant='normal', weight=700, stretch='normal', size='scalable')) = 10.335
06-24 13:48 DEBUG    findfont: score(FontEntry(fname='/root/miniconda3/envs/gtdbtk_new/lib/python3.10/site-packages/matplotlib/mpl-data/fonts/ttf/DejaVuSans-Bold.ttf', name='DejaVu Sans', style='normal', variant='normal', weight=700, stretch='normal', size='scalable')) = 2.335
06-24 13:48 DEBUG    findfont: score(FontEntry(fname='/root/miniconda3/envs/gtdbtk_new/lib/python3.10/site-packages/matplotlib/mpl-data/fonts/ttf/DejaVuSans-BoldOblique.ttf', name='DejaVu Sans', style='oblique', variant='normal', weight=700, stretch='normal', size='scalable')) = 3.335
06-24 13:48 DEBUG    findfont: score(FontEntry(fname='/root/miniconda3/envs/gtdbtk_new/lib/python3.10/site-packages/matplotlib/mpl-data/fonts/ttf/DejaVuSansDisplay.ttf', name='DejaVu Sans Display', style='normal', variant='normal', weight=400, stretch='normal', size='scalable')) = 10.05
06-24 13:48 DEBUG    findfont: score(FontEntry(fname='/root/miniconda3/envs/gtdbtk_new/lib/python3.10/site-packages/matplotlib/mpl-data/fonts/ttf/DejaVuSansMono-Oblique.ttf', name='DejaVu Sans Mono', style='oblique', variant='normal', weight=400, stretch='normal', size='scalable')) = 11.05
06-24 13:48 DEBUG    findfont: score(FontEntry(fname='/root/miniconda3/envs/gtdbtk_new/lib/python3.10/site-packages/matplotlib/mpl-data/fonts/ttf/STIXSizTwoSymReg.ttf', name='STIXSizeTwoSym', style='normal', variant='normal', weight=400, stretch='normal', size='scalable')) = 10.05
06-24 13:48 DEBUG    findfont: score(FontEntry(fname='/root/miniconda3/envs/gtdbtk_new/lib/python3.10/site-packages/matplotlib/mpl-data/fonts/ttf/cmss10.ttf', name='cmss10', style='normal', variant='normal', weight=400, stretch='normal', size='scalable')) = 10.05
06-24 13:48 DEBUG    findfont: score(FontEntry(fname='/root/miniconda3/envs/gtdbtk_new/lib/python3.10/site-packages/matplotlib/mpl-data/fonts/ttf/DejaVuSans.ttf', name='DejaVu Sans', style='normal', variant='normal', weight=400, stretch='normal', size='scalable')) = 2.05
06-24 13:48 DEBUG    findfont: score(FontEntry(fname='/root/miniconda3/envs/gtdbtk_new/lib/python3.10/site-packages/matplotlib/mpl-data/fonts/ttf/STIXSizOneSymReg.ttf', name='STIXSizeOneSym', style='normal', variant='normal', weight=400, stretch='normal', size='scalable')) = 10.05
06-24 13:48 DEBUG    findfont: score(FontEntry(fname='/root/miniconda3/envs/gtdbtk_new/lib/python3.10/site-packages/matplotlib/mpl-data/fonts/ttf/cmr10.ttf', name='cmr10', style='normal', variant='normal', weight=400, stretch='normal', size='scalable')) = 10.05
06-24 13:48 DEBUG    findfont: score(FontEntry(fname='/root/miniconda3/envs/gtdbtk_new/lib/python3.10/site-packages/matplotlib/mpl-data/fonts/ttf/cmmi10.ttf', name='cmmi10', style='normal', variant='normal', weight=400, stretch='normal', size='scalable')) = 10.05
06-24 13:48 DEBUG    findfont: score(FontEntry(fname='/root/miniconda3/envs/gtdbtk_new/lib/python3.10/site-packages/matplotlib/mpl-data/fonts/ttf/STIXSizFourSymReg.ttf', name='STIXSizeFourSym', style='normal', variant='normal', weight=400, stretch='normal', size='scalable')) = 10.05
06-24 13:48 DEBUG    findfont: score(FontEntry(fname='/root/miniconda3/envs/gtdbtk_new/lib/python3.10/site-packages/matplotlib/mpl-data/fonts/ttf/cmtt10.ttf', name='cmtt10', style='normal', variant='normal', weight=400, stretch='normal', size='scalable')) = 10.05
06-24 13:48 DEBUG    findfont: score(FontEntry(fname='/root/miniconda3/envs/gtdbtk_new/lib/python3.10/site-packages/matplotlib/mpl-data/fonts/ttf/STIXSizOneSymBol.ttf', name='STIXSizeOneSym', style='normal', variant='normal', weight=700, stretch='normal', size='scalable')) = 10.335
06-24 13:48 DEBUG    findfont: score(FontEntry(fname='/root/miniconda3/envs/gtdbtk_new/lib/python3.10/site-packages/matplotlib/mpl-data/fonts/ttf/DejaVuSerif-BoldItalic.ttf', name='DejaVu Serif', style='italic', variant='normal', weight=700, stretch='normal', size='scalable')) = 11.335
06-24 13:48 DEBUG    findfont: score(FontEntry(fname='/root/miniconda3/envs/gtdbtk_new/lib/python3.10/site-packages/matplotlib/mpl-data/fonts/ttf/DejaVuSans-Oblique.ttf', name='DejaVu Sans', style='oblique', variant='normal', weight=400, stretch='normal', size='scalable')) = 3.05
06-24 13:48 DEBUG    findfont: score(FontEntry(fname='/root/miniconda3/envs/gtdbtk_new/lib/python3.10/site-packages/matplotlib/mpl-data/fonts/ttf/DejaVuSerif-Italic.ttf', name='DejaVu Serif', style='italic', variant='normal', weight=400, stretch='normal', size='scalable')) = 11.05
06-24 13:48 DEBUG    findfont: score(FontEntry(fname='/root/miniconda3/envs/gtdbtk_new/lib/python3.10/site-packages/matplotlib/mpl-data/fonts/ttf/DejaVuSerifDisplay.ttf', name='DejaVu Serif Display', style='normal', variant='normal', weight=400, stretch='normal', size='scalable')) = 10.05
06-24 13:48 DEBUG    findfont: score(FontEntry(fname='/root/miniconda3/envs/gtdbtk_new/lib/python3.10/site-packages/matplotlib/mpl-data/fonts/ttf/STIXNonUni.ttf', name='STIXNonUnicode', style='normal', variant='normal', weight=400, stretch='normal', size='scalable')) = 10.05
06-24 13:48 DEBUG    findfont: score(FontEntry(fname='/root/miniconda3/envs/gtdbtk_new/lib/python3.10/site-packages/matplotlib/mpl-data/fonts/ttf/STIXSizFiveSymReg.ttf', name='STIXSizeFiveSym', style='normal', variant='normal', weight=400, stretch='normal', size='scalable')) = 10.05
06-24 13:48 DEBUG    findfont: score(FontEntry(fname='/root/miniconda3/envs/gtdbtk_new/lib/python3.10/site-packages/matplotlib/mpl-data/fonts/ttf/cmex10.ttf', name='cmex10', style='normal', variant='normal', weight=400, stretch='normal', size='scalable')) = 10.05
06-24 13:48 DEBUG    findfont: score(FontEntry(fname='/root/miniconda3/envs/gtdbtk_new/lib/python3.10/site-packages/matplotlib/mpl-data/fonts/ttf/STIXGeneralItalic.ttf', name='STIXGeneral', style='italic', variant='normal', weight=400, stretch='normal', size='scalable')) = 11.05
06-24 13:48 DEBUG    findfont: score(FontEntry(fname='/root/miniconda3/envs/gtdbtk_new/lib/python3.10/site-packages/matplotlib/mpl-data/fonts/ttf/STIXGeneralBolIta.ttf', name='STIXGeneral', style='italic', variant='normal', weight=700, stretch='normal', size='scalable')) = 11.335
06-24 13:48 DEBUG    findfont: score(FontEntry(fname='/root/miniconda3/envs/gtdbtk_new/lib/python3.10/site-packages/matplotlib/mpl-data/fonts/ttf/DejaVuSansMono.ttf', name='DejaVu Sans Mono', style='normal', variant='normal', weight=400, stretch='normal', size='scalable')) = 10.05
06-24 13:48 DEBUG    findfont: score(FontEntry(fname='/root/miniconda3/envs/gtdbtk_new/lib/python3.10/site-packages/matplotlib/mpl-data/fonts/ttf/cmb10.ttf', name='cmb10', style='normal', variant='normal', weight=400, stretch='normal', size='scalable')) = 10.05
06-24 13:48 DEBUG    findfont: score(FontEntry(fname='/root/miniconda3/envs/gtdbtk_new/lib/python3.10/site-packages/matplotlib/mpl-data/fonts/ttf/DejaVuSansMono-BoldOblique.ttf', name='DejaVu Sans Mono', style='oblique', variant='normal', weight=700, stretch='normal', size='scalable')) = 11.335
06-24 13:48 DEBUG    findfont: score(FontEntry(fname='/root/miniconda3/envs/gtdbtk_new/lib/python3.10/site-packages/matplotlib/mpl-data/fonts/ttf/STIXNonUniIta.ttf', name='STIXNonUnicode', style='italic', variant='normal', weight=400, stretch='normal', size='scalable')) = 11.05
06-24 13:48 DEBUG    findfont: score(FontEntry(fname='/root/miniconda3/envs/gtdbtk_new/lib/python3.10/site-packages/matplotlib/mpl-data/fonts/ttf/STIXSizTwoSymBol.ttf', name='STIXSizeTwoSym', style='normal', variant='normal', weight=700, stretch='normal', size='scalable')) = 10.335
06-24 13:48 DEBUG    findfont: score(FontEntry(fname='/root/miniconda3/envs/gtdbtk_new/lib/python3.10/site-packages/matplotlib/mpl-data/fonts/ttf/STIXGeneralBol.ttf', name='STIXGeneral', style='normal', variant='normal', weight=700, stretch='normal', size='scalable')) = 10.335
06-24 13:48 DEBUG    findfont: score(FontEntry(fname='/root/miniconda3/envs/gtdbtk_new/lib/python3.10/site-packages/matplotlib/mpl-data/fonts/ttf/STIXNonUniBol.ttf', name='STIXNonUnicode', style='normal', variant='normal', weight=700, stretch='normal', size='scalable')) = 10.335
06-24 13:48 DEBUG    findfont: score(FontEntry(fname='/usr/share/fonts/truetype/ubuntu/Ubuntu-L.ttf', name='Ubuntu', style='normal', variant='normal', weight=300, stretch='normal', size='scalable')) = 10.145
06-24 13:48 DEBUG    findfont: score(FontEntry(fname='/usr/share/fonts/truetype/lato/Lato-HeavyItalic.ttf', name='Lato', style='italic', variant='normal', weight=800, stretch='normal', size='scalable')) = 11.43
06-24 13:48 DEBUG    findfont: score(FontEntry(fname='/usr/share/fonts/truetype/ubuntu/Ubuntu-LI.ttf', name='Ubuntu', style='italic', variant='normal', weight=300, stretch='normal', size='scalable')) = 11.145
06-24 13:48 DEBUG    findfont: score(FontEntry(fname='/usr/share/fonts/truetype/lato/Lato-Regular.ttf', name='Lato', style='normal', variant='normal', weight=400, stretch='normal', size='scalable')) = 10.05
06-24 13:48 DEBUG    findfont: score(FontEntry(fname='/usr/share/fonts/truetype/lato/Lato-Semibold.ttf', name='Lato', style='normal', variant='normal', weight=600, stretch='normal', size='scalable')) = 10.24
06-24 13:48 DEBUG    findfont: score(FontEntry(fname='/usr/share/fonts/truetype/lato/Lato-Black.ttf', name='Lato', style='normal', variant='normal', weight=900, stretch='normal', size='scalable')) = 10.525
06-24 13:48 DEBUG    findfont: score(FontEntry(fname='/usr/share/fonts/truetype/ubuntu/UbuntuMono-B.ttf', name='Ubuntu Mono', style='normal', variant='normal', weight=700, stretch='normal', size='scalable')) = 10.335
06-24 13:48 DEBUG    findfont: score(FontEntry(fname='/usr/share/fonts/truetype/dejavu/DejaVuSansMono-Bold.ttf', name='DejaVu Sans Mono', style='normal', variant='normal', weight=700, stretch='normal', size='scalable')) = 10.335
06-24 13:48 DEBUG    findfont: score(FontEntry(fname='/usr/share/fonts/truetype/ubuntu/Ubuntu-BI.ttf', name='Ubuntu', style='italic', variant='normal', weight=700, stretch='normal', size='scalable')) = 11.335
06-24 13:48 DEBUG    findfont: score(FontEntry(fname='/usr/share/fonts/truetype/ubuntu/Ubuntu-C.ttf', name='Ubuntu Condensed', style='normal', variant='normal', weight=400, stretch='condensed', size='scalable')) = 10.25
06-24 13:48 DEBUG    findfont: score(FontEntry(fname='/usr/share/fonts/truetype/lato/Lato-Italic.ttf', name='Lato', style='italic', variant='normal', weight=400, stretch='normal', size='scalable')) = 11.05
06-24 13:48 DEBUG    findfont: score(FontEntry(fname='/usr/share/fonts/truetype/ubuntu/Ubuntu-MI.ttf', name='Ubuntu', style='italic', variant='normal', weight=500, stretch='normal', size='scalable')) = 11.145
06-24 13:48 DEBUG    findfont: score(FontEntry(fname='/usr/share/fonts/truetype/lato/Lato-LightItalic.ttf', name='Lato', style='italic', variant='normal', weight=300, stretch='normal', size='scalable')) = 11.145
06-24 13:48 DEBUG    findfont: score(FontEntry(fname='/usr/share/fonts/truetype/ubuntu/Ubuntu-M.ttf', name='Ubuntu', style='normal', variant='normal', weight=500, stretch='normal', size='scalable')) = 10.145
06-24 13:48 DEBUG    findfont: score(FontEntry(fname='/usr/share/fonts/truetype/ubuntu/Ubuntu-R.ttf', name='Ubuntu', style='normal', variant='normal', weight=400, stretch='normal', size='scalable')) = 10.05
06-24 13:48 DEBUG    findfont: score(FontEntry(fname='/usr/share/fonts/truetype/lato/Lato-ThinItalic.ttf', name='Lato', style='italic', variant='normal', weight=200, stretch='normal', size='scalable')) = 11.24
06-24 13:48 DEBUG    findfont: score(FontEntry(fname='/usr/share/fonts/truetype/dejavu/DejaVuSerif.ttf', name='DejaVu Serif', style='normal', variant='normal', weight=400, stretch='normal', size='scalable')) = 10.05
06-24 13:48 DEBUG    findfont: score(FontEntry(fname='/usr/share/fonts/truetype/ubuntu/UbuntuMono-R.ttf', name='Ubuntu Mono', style='normal', variant='normal', weight=400, stretch='normal', size='scalable')) = 10.05
06-24 13:48 DEBUG    findfont: score(FontEntry(fname='/usr/share/fonts/truetype/lato/Lato-Thin.ttf', name='Lato', style='normal', variant='normal', weight=200, stretch='normal', size='scalable')) = 10.24
06-24 13:48 DEBUG    findfont: score(FontEntry(fname='/usr/share/fonts/truetype/ubuntu/UbuntuMono-BI.ttf', name='Ubuntu Mono', style='italic', variant='normal', weight=700, stretch='normal', size='scalable')) = 11.335
06-24 13:48 DEBUG    findfont: score(FontEntry(fname='/usr/share/fonts/truetype/lato/Lato-Light.ttf', name='Lato', style='normal', variant='normal', weight=300, stretch='normal', size='scalable')) = 10.145
06-24 13:48 DEBUG    findfont: score(FontEntry(fname='/usr/share/fonts/truetype/lato/Lato-Hairline.ttf', name='Lato', style='normal', variant='normal', weight=100, stretch='normal', size='scalable')) = 10.335
06-24 13:48 DEBUG    findfont: score(FontEntry(fname='/usr/share/fonts/truetype/ubuntu/Ubuntu-RI.ttf', name='Ubuntu', style='italic', variant='normal', weight=400, stretch='normal', size='scalable')) = 11.05
06-24 13:48 DEBUG    findfont: score(FontEntry(fname='/usr/share/fonts/truetype/dejavu/DejaVuSans-Bold.ttf', name='DejaVu Sans', style='normal', variant='normal', weight=700, stretch='normal', size='scalable')) = 2.335
06-24 13:48 DEBUG    findfont: score(FontEntry(fname='/usr/share/fonts/truetype/lato/Lato-Heavy.ttf', name='Lato', style='normal', variant='normal', weight=800, stretch='normal', size='scalable')) = 10.43
06-24 13:48 DEBUG    findfont: score(FontEntry(fname='/usr/share/fonts/truetype/dejavu/DejaVuSans.ttf', name='DejaVu Sans', style='normal', variant='normal', weight=400, stretch='normal', size='scalable')) = 2.05
06-24 13:48 DEBUG    findfont: score(FontEntry(fname='/usr/share/fonts/truetype/dejavu/DejaVuSansMono.ttf', name='DejaVu Sans Mono', style='normal', variant='normal', weight=400, stretch='normal', size='scalable')) = 10.05
06-24 13:48 DEBUG    findfont: score(FontEntry(fname='/usr/share/fonts/truetype/lato/Lato-Bold.ttf', name='Lato', style='normal', variant='normal', weight=700, stretch='normal', size='scalable')) = 10.335
06-24 13:48 DEBUG    findfont: score(FontEntry(fname='/usr/share/fonts/truetype/ubuntu/Ubuntu-Th.ttf', name='Ubuntu', style='normal', variant='normal', weight=250, stretch='normal', size='scalable')) = 10.1925
06-24 13:48 DEBUG    findfont: score(FontEntry(fname='/usr/share/fonts/truetype/lato/Lato-BlackItalic.ttf', name='Lato', style='italic', variant='normal', weight=900, stretch='normal', size='scalable')) = 11.525
06-24 13:48 DEBUG    findfont: score(FontEntry(fname='/usr/share/fonts/truetype/ubuntu/UbuntuMono-RI.ttf', name='Ubuntu Mono', style='italic', variant='normal', weight=400, stretch='normal', size='scalable')) = 11.05
06-24 13:48 DEBUG    findfont: score(FontEntry(fname='/usr/share/fonts/truetype/lato/Lato-BoldItalic.ttf', name='Lato', style='italic', variant='normal', weight=700, stretch='normal', size='scalable')) = 11.335
06-24 13:48 DEBUG    findfont: score(FontEntry(fname='/usr/share/fonts/truetype/ubuntu/Ubuntu-B.ttf', name='Ubuntu', style='normal', variant='normal', weight=700, stretch='normal', size='scalable')) = 10.335
06-24 13:48 DEBUG    findfont: score(FontEntry(fname='/usr/share/fonts/truetype/lato/Lato-HairlineItalic.ttf', name='Lato', style='italic', variant='normal', weight=100, stretch='normal', size='scalable')) = 11.335
06-24 13:48 DEBUG    findfont: score(FontEntry(fname='/usr/share/fonts/truetype/lato/Lato-MediumItalic.ttf', name='Lato', style='italic', variant='normal', weight=500, stretch='normal', size='scalable')) = 11.145
06-24 13:48 DEBUG    findfont: score(FontEntry(fname='/usr/share/fonts/truetype/lato/Lato-Medium.ttf', name='Lato', style='normal', variant='normal', weight=500, stretch='normal', size='scalable')) = 10.145
06-24 13:48 DEBUG    findfont: score(FontEntry(fname='/usr/share/fonts/truetype/dejavu/DejaVuSerif-Bold.ttf', name='DejaVu Serif', style='normal', variant='normal', weight=700, stretch='normal', size='scalable')) = 10.335
06-24 13:48 DEBUG    findfont: score(FontEntry(fname='/usr/share/fonts/truetype/lato/Lato-SemiboldItalic.ttf', name='Lato', style='italic', variant='normal', weight=600, stretch='normal', size='scalable')) = 11.24
06-24 13:48 DEBUG    findfont: Matching sans\-serif:style=normal:variant=normal:weight=normal:stretch=normal:size=10.0 to DejaVu Sans ('/root/miniconda3/envs/gtdbtk_new/lib/python3.10/site-packages/matplotlib/mpl-data/fonts/ttf/DejaVuSans.ttf') with score of 2.050000.
06-24 13:48 DEBUG    findfont: Matching sans\-serif:style=normal:variant=normal:weight=normal:stretch=normal:size=8.0.
06-24 13:48 DEBUG    findfont: score(FontEntry(fname='/root/miniconda3/envs/gtdbtk_new/lib/python3.10/site-packages/matplotlib/mpl-data/fonts/ttf/DejaVuSerif.ttf', name='DejaVu Serif', style='normal', variant='normal', weight=400, stretch='normal', size='scalable')) = 10.05
06-24 13:48 DEBUG    findfont: score(FontEntry(fname='/root/miniconda3/envs/gtdbtk_new/lib/python3.10/site-packages/matplotlib/mpl-data/fonts/ttf/STIXGeneral.ttf', name='STIXGeneral', style='normal', variant='normal', weight=400, stretch='normal', size='scalable')) = 10.05
06-24 13:48 DEBUG    findfont: score(FontEntry(fname='/root/miniconda3/envs/gtdbtk_new/lib/python3.10/site-packages/matplotlib/mpl-data/fonts/ttf/DejaVuSerif-Bold.ttf', name='DejaVu Serif', style='normal', variant='normal', weight=700, stretch='normal', size='scalable')) = 10.335
06-24 13:48 DEBUG    findfont: score(FontEntry(fname='/root/miniconda3/envs/gtdbtk_new/lib/python3.10/site-packages/matplotlib/mpl-data/fonts/ttf/STIXSizThreeSymReg.ttf', name='STIXSizeThreeSym', style='normal', variant='normal', weight=400, stretch='normal', size='scalable')) = 10.05
06-24 13:48 DEBUG    findfont: score(FontEntry(fname='/root/miniconda3/envs/gtdbtk_new/lib/python3.10/site-packages/matplotlib/mpl-data/fonts/ttf/STIXSizFourSymBol.ttf', name='STIXSizeFourSym', style='normal', variant='normal', weight=700, stretch='normal', size='scalable')) = 10.335
06-24 13:48 DEBUG    findfont: score(FontEntry(fname='/root/miniconda3/envs/gtdbtk_new/lib/python3.10/site-packages/matplotlib/mpl-data/fonts/ttf/DejaVuSansMono-Bold.ttf', name='DejaVu Sans Mono', style='normal', variant='normal', weight=700, stretch='normal', size='scalable')) = 10.335
06-24 13:48 DEBUG    findfont: score(FontEntry(fname='/root/miniconda3/envs/gtdbtk_new/lib/python3.10/site-packages/matplotlib/mpl-data/fonts/ttf/cmsy10.ttf', name='cmsy10', style='normal', variant='normal', weight=400, stretch='normal', size='scalable')) = 10.05
06-24 13:48 DEBUG    findfont: score(FontEntry(fname='/root/miniconda3/envs/gtdbtk_new/lib/python3.10/site-packages/matplotlib/mpl-data/fonts/ttf/STIXNonUniBolIta.ttf', name='STIXNonUnicode', style='italic', variant='normal', weight=700, stretch='normal', size='scalable')) = 11.335
06-24 13:48 DEBUG    findfont: score(FontEntry(fname='/root/miniconda3/envs/gtdbtk_new/lib/python3.10/site-packages/matplotlib/mpl-data/fonts/ttf/STIXSizThreeSymBol.ttf', name='STIXSizeThreeSym', style='normal', variant='normal', weight=700, stretch='normal', size='scalable')) = 10.335
06-24 13:48 DEBUG    findfont: score(FontEntry(fname='/root/miniconda3/envs/gtdbtk_new/lib/python3.10/site-packages/matplotlib/mpl-data/fonts/ttf/DejaVuSans-Bold.ttf', name='DejaVu Sans', style='normal', variant='normal', weight=700, stretch='normal', size='scalable')) = 2.335
06-24 13:48 DEBUG    findfont: score(FontEntry(fname='/root/miniconda3/envs/gtdbtk_new/lib/python3.10/site-packages/matplotlib/mpl-data/fonts/ttf/DejaVuSans-BoldOblique.ttf', name='DejaVu Sans', style='oblique', variant='normal', weight=700, stretch='normal', size='scalable')) = 3.335
06-24 13:48 DEBUG    findfont: score(FontEntry(fname='/root/miniconda3/envs/gtdbtk_new/lib/python3.10/site-packages/matplotlib/mpl-data/fonts/ttf/DejaVuSansDisplay.ttf', name='DejaVu Sans Display', style='normal', variant='normal', weight=400, stretch='normal', size='scalable')) = 10.05
06-24 13:48 DEBUG    findfont: score(FontEntry(fname='/root/miniconda3/envs/gtdbtk_new/lib/python3.10/site-packages/matplotlib/mpl-data/fonts/ttf/DejaVuSansMono-Oblique.ttf', name='DejaVu Sans Mono', style='oblique', variant='normal', weight=400, stretch='normal', size='scalable')) = 11.05
06-24 13:48 DEBUG    findfont: score(FontEntry(fname='/root/miniconda3/envs/gtdbtk_new/lib/python3.10/site-packages/matplotlib/mpl-data/fonts/ttf/STIXSizTwoSymReg.ttf', name='STIXSizeTwoSym', style='normal', variant='normal', weight=400, stretch='normal', size='scalable')) = 10.05
06-24 13:48 DEBUG    findfont: score(FontEntry(fname='/root/miniconda3/envs/gtdbtk_new/lib/python3.10/site-packages/matplotlib/mpl-data/fonts/ttf/cmss10.ttf', name='cmss10', style='normal', variant='normal', weight=400, stretch='normal', size='scalable')) = 10.05
06-24 13:48 DEBUG    findfont: score(FontEntry(fname='/root/miniconda3/envs/gtdbtk_new/lib/python3.10/site-packages/matplotlib/mpl-data/fonts/ttf/DejaVuSans.ttf', name='DejaVu Sans', style='normal', variant='normal', weight=400, stretch='normal', size='scalable')) = 2.05
06-24 13:48 DEBUG    findfont: score(FontEntry(fname='/root/miniconda3/envs/gtdbtk_new/lib/python3.10/site-packages/matplotlib/mpl-data/fonts/ttf/STIXSizOneSymReg.ttf', name='STIXSizeOneSym', style='normal', variant='normal', weight=400, stretch='normal', size='scalable')) = 10.05
06-24 13:48 DEBUG    findfont: score(FontEntry(fname='/root/miniconda3/envs/gtdbtk_new/lib/python3.10/site-packages/matplotlib/mpl-data/fonts/ttf/cmr10.ttf', name='cmr10', style='normal', variant='normal', weight=400, stretch='normal', size='scalable')) = 10.05
06-24 13:48 DEBUG    findfont: score(FontEntry(fname='/root/miniconda3/envs/gtdbtk_new/lib/python3.10/site-packages/matplotlib/mpl-data/fonts/ttf/cmmi10.ttf', name='cmmi10', style='normal', variant='normal', weight=400, stretch='normal', size='scalable')) = 10.05
06-24 13:48 DEBUG    findfont: score(FontEntry(fname='/root/miniconda3/envs/gtdbtk_new/lib/python3.10/site-packages/matplotlib/mpl-data/fonts/ttf/STIXSizFourSymReg.ttf', name='STIXSizeFourSym', style='normal', variant='normal', weight=400, stretch='normal', size='scalable')) = 10.05
06-24 13:48 DEBUG    findfont: score(FontEntry(fname='/root/miniconda3/envs/gtdbtk_new/lib/python3.10/site-packages/matplotlib/mpl-data/fonts/ttf/cmtt10.ttf', name='cmtt10', style='normal', variant='normal', weight=400, stretch='normal', size='scalable')) = 10.05
06-24 13:48 DEBUG    findfont: score(FontEntry(fname='/root/miniconda3/envs/gtdbtk_new/lib/python3.10/site-packages/matplotlib/mpl-data/fonts/ttf/STIXSizOneSymBol.ttf', name='STIXSizeOneSym', style='normal', variant='normal', weight=700, stretch='normal', size='scalable')) = 10.335
06-24 13:48 DEBUG    findfont: score(FontEntry(fname='/root/miniconda3/envs/gtdbtk_new/lib/python3.10/site-packages/matplotlib/mpl-data/fonts/ttf/DejaVuSerif-BoldItalic.ttf', name='DejaVu Serif', style='italic', variant='normal', weight=700, stretch='normal', size='scalable')) = 11.335
06-24 13:48 DEBUG    findfont: score(FontEntry(fname='/root/miniconda3/envs/gtdbtk_new/lib/python3.10/site-packages/matplotlib/mpl-data/fonts/ttf/DejaVuSans-Oblique.ttf', name='DejaVu Sans', style='oblique', variant='normal', weight=400, stretch='normal', size='scalable')) = 3.05
06-24 13:48 DEBUG    findfont: score(FontEntry(fname='/root/miniconda3/envs/gtdbtk_new/lib/python3.10/site-packages/matplotlib/mpl-data/fonts/ttf/DejaVuSerif-Italic.ttf', name='DejaVu Serif', style='italic', variant='normal', weight=400, stretch='normal', size='scalable')) = 11.05
06-24 13:48 DEBUG    findfont: score(FontEntry(fname='/root/miniconda3/envs/gtdbtk_new/lib/python3.10/site-packages/matplotlib/mpl-data/fonts/ttf/DejaVuSerifDisplay.ttf', name='DejaVu Serif Display', style='normal', variant='normal', weight=400, stretch='normal', size='scalable')) = 10.05
06-24 13:48 DEBUG    findfont: score(FontEntry(fname='/root/miniconda3/envs/gtdbtk_new/lib/python3.10/site-packages/matplotlib/mpl-data/fonts/ttf/STIXNonUni.ttf', name='STIXNonUnicode', style='normal', variant='normal', weight=400, stretch='normal', size='scalable')) = 10.05
06-24 13:48 DEBUG    findfont: score(FontEntry(fname='/root/miniconda3/envs/gtdbtk_new/lib/python3.10/site-packages/matplotlib/mpl-data/fonts/ttf/STIXSizFiveSymReg.ttf', name='STIXSizeFiveSym', style='normal', variant='normal', weight=400, stretch='normal', size='scalable')) = 10.05
06-24 13:48 DEBUG    findfont: score(FontEntry(fname='/root/miniconda3/envs/gtdbtk_new/lib/python3.10/site-packages/matplotlib/mpl-data/fonts/ttf/cmex10.ttf', name='cmex10', style='normal', variant='normal', weight=400, stretch='normal', size='scalable')) = 10.05
06-24 13:48 DEBUG    findfont: score(FontEntry(fname='/root/miniconda3/envs/gtdbtk_new/lib/python3.10/site-packages/matplotlib/mpl-data/fonts/ttf/STIXGeneralItalic.ttf', name='STIXGeneral', style='italic', variant='normal', weight=400, stretch='normal', size='scalable')) = 11.05
06-24 13:48 DEBUG    findfont: score(FontEntry(fname='/root/miniconda3/envs/gtdbtk_new/lib/python3.10/site-packages/matplotlib/mpl-data/fonts/ttf/STIXGeneralBolIta.ttf', name='STIXGeneral', style='italic', variant='normal', weight=700, stretch='normal', size='scalable')) = 11.335
06-24 13:48 DEBUG    findfont: score(FontEntry(fname='/root/miniconda3/envs/gtdbtk_new/lib/python3.10/site-packages/matplotlib/mpl-data/fonts/ttf/DejaVuSansMono.ttf', name='DejaVu Sans Mono', style='normal', variant='normal', weight=400, stretch='normal', size='scalable')) = 10.05
06-24 13:48 DEBUG    findfont: score(FontEntry(fname='/root/miniconda3/envs/gtdbtk_new/lib/python3.10/site-packages/matplotlib/mpl-data/fonts/ttf/cmb10.ttf', name='cmb10', style='normal', variant='normal', weight=400, stretch='normal', size='scalable')) = 10.05
06-24 13:48 DEBUG    findfont: score(FontEntry(fname='/root/miniconda3/envs/gtdbtk_new/lib/python3.10/site-packages/matplotlib/mpl-data/fonts/ttf/DejaVuSansMono-BoldOblique.ttf', name='DejaVu Sans Mono', style='oblique', variant='normal', weight=700, stretch='normal', size='scalable')) = 11.335
06-24 13:48 DEBUG    findfont: score(FontEntry(fname='/root/miniconda3/envs/gtdbtk_new/lib/python3.10/site-packages/matplotlib/mpl-data/fonts/ttf/STIXNonUniIta.ttf', name='STIXNonUnicode', style='italic', variant='normal', weight=400, stretch='normal', size='scalable')) = 11.05
06-24 13:48 DEBUG    findfont: score(FontEntry(fname='/root/miniconda3/envs/gtdbtk_new/lib/python3.10/site-packages/matplotlib/mpl-data/fonts/ttf/STIXSizTwoSymBol.ttf', name='STIXSizeTwoSym', style='normal', variant='normal', weight=700, stretch='normal', size='scalable')) = 10.335
06-24 13:48 DEBUG    findfont: score(FontEntry(fname='/root/miniconda3/envs/gtdbtk_new/lib/python3.10/site-packages/matplotlib/mpl-data/fonts/ttf/STIXGeneralBol.ttf', name='STIXGeneral', style='normal', variant='normal', weight=700, stretch='normal', size='scalable')) = 10.335
06-24 13:48 DEBUG    findfont: score(FontEntry(fname='/root/miniconda3/envs/gtdbtk_new/lib/python3.10/site-packages/matplotlib/mpl-data/fonts/ttf/STIXNonUniBol.ttf', name='STIXNonUnicode', style='normal', variant='normal', weight=700, stretch='normal', size='scalable')) = 10.335
06-24 13:48 DEBUG    findfont: score(FontEntry(fname='/usr/share/fonts/truetype/ubuntu/Ubuntu-L.ttf', name='Ubuntu', style='normal', variant='normal', weight=300, stretch='normal', size='scalable')) = 10.145
06-24 13:48 DEBUG    findfont: score(FontEntry(fname='/usr/share/fonts/truetype/lato/Lato-HeavyItalic.ttf', name='Lato', style='italic', variant='normal', weight=800, stretch='normal', size='scalable')) = 11.43
06-24 13:48 DEBUG    findfont: score(FontEntry(fname='/usr/share/fonts/truetype/ubuntu/Ubuntu-LI.ttf', name='Ubuntu', style='italic', variant='normal', weight=300, stretch='normal', size='scalable')) = 11.145
06-24 13:48 DEBUG    findfont: score(FontEntry(fname='/usr/share/fonts/truetype/lato/Lato-Regular.ttf', name='Lato', style='normal', variant='normal', weight=400, stretch='normal', size='scalable')) = 10.05
06-24 13:48 DEBUG    findfont: score(FontEntry(fname='/usr/share/fonts/truetype/lato/Lato-Semibold.ttf', name='Lato', style='normal', variant='normal', weight=600, stretch='normal', size='scalable')) = 10.24
06-24 13:48 DEBUG    findfont: score(FontEntry(fname='/usr/share/fonts/truetype/lato/Lato-Black.ttf', name='Lato', style='normal', variant='normal', weight=900, stretch='normal', size='scalable')) = 10.525
06-24 13:48 DEBUG    findfont: score(FontEntry(fname='/usr/share/fonts/truetype/ubuntu/UbuntuMono-B.ttf', name='Ubuntu Mono', style='normal', variant='normal', weight=700, stretch='normal', size='scalable')) = 10.335
06-24 13:48 DEBUG    findfont: score(FontEntry(fname='/usr/share/fonts/truetype/dejavu/DejaVuSansMono-Bold.ttf', name='DejaVu Sans Mono', style='normal', variant='normal', weight=700, stretch='normal', size='scalable')) = 10.335
06-24 13:48 DEBUG    findfont: score(FontEntry(fname='/usr/share/fonts/truetype/ubuntu/Ubuntu-BI.ttf', name='Ubuntu', style='italic', variant='normal', weight=700, stretch='normal', size='scalable')) = 11.335
06-24 13:48 DEBUG    findfont: score(FontEntry(fname='/usr/share/fonts/truetype/ubuntu/Ubuntu-C.ttf', name='Ubuntu Condensed', style='normal', variant='normal', weight=400, stretch='condensed', size='scalable')) = 10.25
06-24 13:48 DEBUG    findfont: score(FontEntry(fname='/usr/share/fonts/truetype/lato/Lato-Italic.ttf', name='Lato', style='italic', variant='normal', weight=400, stretch='normal', size='scalable')) = 11.05
06-24 13:48 DEBUG    findfont: score(FontEntry(fname='/usr/share/fonts/truetype/ubuntu/Ubuntu-MI.ttf', name='Ubuntu', style='italic', variant='normal', weight=500, stretch='normal', size='scalable')) = 11.145
06-24 13:48 DEBUG    findfont: score(FontEntry(fname='/usr/share/fonts/truetype/lato/Lato-LightItalic.ttf', name='Lato', style='italic', variant='normal', weight=300, stretch='normal', size='scalable')) = 11.145
06-24 13:48 DEBUG    findfont: score(FontEntry(fname='/usr/share/fonts/truetype/ubuntu/Ubuntu-M.ttf', name='Ubuntu', style='normal', variant='normal', weight=500, stretch='normal', size='scalable')) = 10.145
06-24 13:48 DEBUG    findfont: score(FontEntry(fname='/usr/share/fonts/truetype/ubuntu/Ubuntu-R.ttf', name='Ubuntu', style='normal', variant='normal', weight=400, stretch='normal', size='scalable')) = 10.05
06-24 13:48 DEBUG    findfont: score(FontEntry(fname='/usr/share/fonts/truetype/lato/Lato-ThinItalic.ttf', name='Lato', style='italic', variant='normal', weight=200, stretch='normal', size='scalable')) = 11.24
06-24 13:48 DEBUG    findfont: score(FontEntry(fname='/usr/share/fonts/truetype/dejavu/DejaVuSerif.ttf', name='DejaVu Serif', style='normal', variant='normal', weight=400, stretch='normal', size='scalable')) = 10.05
06-24 13:48 DEBUG    findfont: score(FontEntry(fname='/usr/share/fonts/truetype/ubuntu/UbuntuMono-R.ttf', name='Ubuntu Mono', style='normal', variant='normal', weight=400, stretch='normal', size='scalable')) = 10.05
06-24 13:48 DEBUG    findfont: score(FontEntry(fname='/usr/share/fonts/truetype/lato/Lato-Thin.ttf', name='Lato', style='normal', variant='normal', weight=200, stretch='normal', size='scalable')) = 10.24
06-24 13:48 DEBUG    findfont: score(FontEntry(fname='/usr/share/fonts/truetype/ubuntu/UbuntuMono-BI.ttf', name='Ubuntu Mono', style='italic', variant='normal', weight=700, stretch='normal', size='scalable')) = 11.335
06-24 13:48 DEBUG    findfont: score(FontEntry(fname='/usr/share/fonts/truetype/lato/Lato-Light.ttf', name='Lato', style='normal', variant='normal', weight=300, stretch='normal', size='scalable')) = 10.145
06-24 13:48 DEBUG    findfont: score(FontEntry(fname='/usr/share/fonts/truetype/lato/Lato-Hairline.ttf', name='Lato', style='normal', variant='normal', weight=100, stretch='normal', size='scalable')) = 10.335
06-24 13:48 DEBUG    findfont: score(FontEntry(fname='/usr/share/fonts/truetype/ubuntu/Ubuntu-RI.ttf', name='Ubuntu', style='italic', variant='normal', weight=400, stretch='normal', size='scalable')) = 11.05
06-24 13:48 DEBUG    findfont: score(FontEntry(fname='/usr/share/fonts/truetype/dejavu/DejaVuSans-Bold.ttf', name='DejaVu Sans', style='normal', variant='normal', weight=700, stretch='normal', size='scalable')) = 2.335
06-24 13:48 DEBUG    findfont: score(FontEntry(fname='/usr/share/fonts/truetype/lato/Lato-Heavy.ttf', name='Lato', style='normal', variant='normal', weight=800, stretch='normal', size='scalable')) = 10.43
06-24 13:48 DEBUG    findfont: score(FontEntry(fname='/usr/share/fonts/truetype/dejavu/DejaVuSans.ttf', name='DejaVu Sans', style='normal', variant='normal', weight=400, stretch='normal', size='scalable')) = 2.05
06-24 13:48 DEBUG    findfont: score(FontEntry(fname='/usr/share/fonts/truetype/dejavu/DejaVuSansMono.ttf', name='DejaVu Sans Mono', style='normal', variant='normal', weight=400, stretch='normal', size='scalable')) = 10.05
06-24 13:48 DEBUG    findfont: score(FontEntry(fname='/usr/share/fonts/truetype/lato/Lato-Bold.ttf', name='Lato', style='normal', variant='normal', weight=700, stretch='normal', size='scalable')) = 10.335
06-24 13:48 DEBUG    findfont: score(FontEntry(fname='/usr/share/fonts/truetype/ubuntu/Ubuntu-Th.ttf', name='Ubuntu', style='normal', variant='normal', weight=250, stretch='normal', size='scalable')) = 10.1925
06-24 13:48 DEBUG    findfont: score(FontEntry(fname='/usr/share/fonts/truetype/lato/Lato-BlackItalic.ttf', name='Lato', style='italic', variant='normal', weight=900, stretch='normal', size='scalable')) = 11.525
06-24 13:48 DEBUG    findfont: score(FontEntry(fname='/usr/share/fonts/truetype/ubuntu/UbuntuMono-RI.ttf', name='Ubuntu Mono', style='italic', variant='normal', weight=400, stretch='normal', size='scalable')) = 11.05
06-24 13:48 DEBUG    findfont: score(FontEntry(fname='/usr/share/fonts/truetype/lato/Lato-BoldItalic.ttf', name='Lato', style='italic', variant='normal', weight=700, stretch='normal', size='scalable')) = 11.335
06-24 13:48 DEBUG    findfont: score(FontEntry(fname='/usr/share/fonts/truetype/ubuntu/Ubuntu-B.ttf', name='Ubuntu', style='normal', variant='normal', weight=700, stretch='normal', size='scalable')) = 10.335
06-24 13:48 DEBUG    findfont: score(FontEntry(fname='/usr/share/fonts/truetype/lato/Lato-HairlineItalic.ttf', name='Lato', style='italic', variant='normal', weight=100, stretch='normal', size='scalable')) = 11.335
06-24 13:48 DEBUG    findfont: score(FontEntry(fname='/usr/share/fonts/truetype/lato/Lato-MediumItalic.ttf', name='Lato', style='italic', variant='normal', weight=500, stretch='normal', size='scalable')) = 11.145
06-24 13:48 DEBUG    findfont: score(FontEntry(fname='/usr/share/fonts/truetype/lato/Lato-Medium.ttf', name='Lato', style='normal', variant='normal', weight=500, stretch='normal', size='scalable')) = 10.145
06-24 13:48 DEBUG    findfont: score(FontEntry(fname='/usr/share/fonts/truetype/dejavu/DejaVuSerif-Bold.ttf', name='DejaVu Serif', style='normal', variant='normal', weight=700, stretch='normal', size='scalable')) = 10.335
06-24 13:48 DEBUG    findfont: score(FontEntry(fname='/usr/share/fonts/truetype/lato/Lato-SemiboldItalic.ttf', name='Lato', style='italic', variant='normal', weight=600, stretch='normal', size='scalable')) = 11.24
06-24 13:48 DEBUG    findfont: Matching sans\-serif:style=normal:variant=normal:weight=normal:stretch=normal:size=8.0 to DejaVu Sans ('/root/miniconda3/envs/gtdbtk_new/lib/python3.10/site-packages/matplotlib/mpl-data/fonts/ttf/DejaVuSans.ttf') with score of 2.050000.
06-24 13:48 DEBUG    findfont: Matching sans\-serif:style=normal:variant=normal:weight=normal:stretch=normal:size=12.0.
06-24 13:48 DEBUG    findfont: score(FontEntry(fname='/root/miniconda3/envs/gtdbtk_new/lib/python3.10/site-packages/matplotlib/mpl-data/fonts/ttf/DejaVuSerif.ttf', name='DejaVu Serif', style='normal', variant='normal', weight=400, stretch='normal', size='scalable')) = 10.05
06-24 13:48 DEBUG    findfont: score(FontEntry(fname='/root/miniconda3/envs/gtdbtk_new/lib/python3.10/site-packages/matplotlib/mpl-data/fonts/ttf/STIXGeneral.ttf', name='STIXGeneral', style='normal', variant='normal', weight=400, stretch='normal', size='scalable')) = 10.05
06-24 13:48 DEBUG    findfont: score(FontEntry(fname='/root/miniconda3/envs/gtdbtk_new/lib/python3.10/site-packages/matplotlib/mpl-data/fonts/ttf/DejaVuSerif-Bold.ttf', name='DejaVu Serif', style='normal', variant='normal', weight=700, stretch='normal', size='scalable')) = 10.335
06-24 13:48 DEBUG    findfont: score(FontEntry(fname='/root/miniconda3/envs/gtdbtk_new/lib/python3.10/site-packages/matplotlib/mpl-data/fonts/ttf/STIXSizThreeSymReg.ttf', name='STIXSizeThreeSym', style='normal', variant='normal', weight=400, stretch='normal', size='scalable')) = 10.05
06-24 13:48 DEBUG    findfont: score(FontEntry(fname='/root/miniconda3/envs/gtdbtk_new/lib/python3.10/site-packages/matplotlib/mpl-data/fonts/ttf/STIXSizFourSymBol.ttf', name='STIXSizeFourSym', style='normal', variant='normal', weight=700, stretch='normal', size='scalable')) = 10.335
06-24 13:48 DEBUG    findfont: score(FontEntry(fname='/root/miniconda3/envs/gtdbtk_new/lib/python3.10/site-packages/matplotlib/mpl-data/fonts/ttf/DejaVuSansMono-Bold.ttf', name='DejaVu Sans Mono', style='normal', variant='normal', weight=700, stretch='normal', size='scalable')) = 10.335
06-24 13:48 DEBUG    findfont: score(FontEntry(fname='/root/miniconda3/envs/gtdbtk_new/lib/python3.10/site-packages/matplotlib/mpl-data/fonts/ttf/cmsy10.ttf', name='cmsy10', style='normal', variant='normal', weight=400, stretch='normal', size='scalable')) = 10.05
06-24 13:48 DEBUG    findfont: score(FontEntry(fname='/root/miniconda3/envs/gtdbtk_new/lib/python3.10/site-packages/matplotlib/mpl-data/fonts/ttf/STIXNonUniBolIta.ttf', name='STIXNonUnicode', style='italic', variant='normal', weight=700, stretch='normal', size='scalable')) = 11.335
06-24 13:48 DEBUG    findfont: score(FontEntry(fname='/root/miniconda3/envs/gtdbtk_new/lib/python3.10/site-packages/matplotlib/mpl-data/fonts/ttf/STIXSizThreeSymBol.ttf', name='STIXSizeThreeSym', style='normal', variant='normal', weight=700, stretch='normal', size='scalable')) = 10.335
06-24 13:48 DEBUG    findfont: score(FontEntry(fname='/root/miniconda3/envs/gtdbtk_new/lib/python3.10/site-packages/matplotlib/mpl-data/fonts/ttf/DejaVuSans-Bold.ttf', name='DejaVu Sans', style='normal', variant='normal', weight=700, stretch='normal', size='scalable')) = 2.335
06-24 13:48 DEBUG    findfont: score(FontEntry(fname='/root/miniconda3/envs/gtdbtk_new/lib/python3.10/site-packages/matplotlib/mpl-data/fonts/ttf/DejaVuSans-BoldOblique.ttf', name='DejaVu Sans', style='oblique', variant='normal', weight=700, stretch='normal', size='scalable')) = 3.335
06-24 13:48 DEBUG    findfont: score(FontEntry(fname='/root/miniconda3/envs/gtdbtk_new/lib/python3.10/site-packages/matplotlib/mpl-data/fonts/ttf/DejaVuSansDisplay.ttf', name='DejaVu Sans Display', style='normal', variant='normal', weight=400, stretch='normal', size='scalable')) = 10.05
06-24 13:48 DEBUG    findfont: score(FontEntry(fname='/root/miniconda3/envs/gtdbtk_new/lib/python3.10/site-packages/matplotlib/mpl-data/fonts/ttf/DejaVuSansMono-Oblique.ttf', name='DejaVu Sans Mono', style='oblique', variant='normal', weight=400, stretch='normal', size='scalable')) = 11.05
06-24 13:48 DEBUG    findfont: score(FontEntry(fname='/root/miniconda3/envs/gtdbtk_new/lib/python3.10/site-packages/matplotlib/mpl-data/fonts/ttf/STIXSizTwoSymReg.ttf', name='STIXSizeTwoSym', style='normal', variant='normal', weight=400, stretch='normal', size='scalable')) = 10.05
06-24 13:48 DEBUG    findfont: score(FontEntry(fname='/root/miniconda3/envs/gtdbtk_new/lib/python3.10/site-packages/matplotlib/mpl-data/fonts/ttf/cmss10.ttf', name='cmss10', style='normal', variant='normal', weight=400, stretch='normal', size='scalable')) = 10.05
06-24 13:48 DEBUG    findfont: score(FontEntry(fname='/root/miniconda3/envs/gtdbtk_new/lib/python3.10/site-packages/matplotlib/mpl-data/fonts/ttf/DejaVuSans.ttf', name='DejaVu Sans', style='normal', variant='normal', weight=400, stretch='normal', size='scalable')) = 2.05
06-24 13:48 DEBUG    findfont: score(FontEntry(fname='/root/miniconda3/envs/gtdbtk_new/lib/python3.10/site-packages/matplotlib/mpl-data/fonts/ttf/STIXSizOneSymReg.ttf', name='STIXSizeOneSym', style='normal', variant='normal', weight=400, stretch='normal', size='scalable')) = 10.05
06-24 13:48 DEBUG    findfont: score(FontEntry(fname='/root/miniconda3/envs/gtdbtk_new/lib/python3.10/site-packages/matplotlib/mpl-data/fonts/ttf/cmr10.ttf', name='cmr10', style='normal', variant='normal', weight=400, stretch='normal', size='scalable')) = 10.05
06-24 13:48 DEBUG    findfont: score(FontEntry(fname='/root/miniconda3/envs/gtdbtk_new/lib/python3.10/site-packages/matplotlib/mpl-data/fonts/ttf/cmmi10.ttf', name='cmmi10', style='normal', variant='normal', weight=400, stretch='normal', size='scalable')) = 10.05
06-24 13:48 DEBUG    findfont: score(FontEntry(fname='/root/miniconda3/envs/gtdbtk_new/lib/python3.10/site-packages/matplotlib/mpl-data/fonts/ttf/STIXSizFourSymReg.ttf', name='STIXSizeFourSym', style='normal', variant='normal', weight=400, stretch='normal', size='scalable')) = 10.05
06-24 13:48 DEBUG    findfont: score(FontEntry(fname='/root/miniconda3/envs/gtdbtk_new/lib/python3.10/site-packages/matplotlib/mpl-data/fonts/ttf/cmtt10.ttf', name='cmtt10', style='normal', variant='normal', weight=400, stretch='normal', size='scalable')) = 10.05
06-24 13:48 DEBUG    findfont: score(FontEntry(fname='/root/miniconda3/envs/gtdbtk_new/lib/python3.10/site-packages/matplotlib/mpl-data/fonts/ttf/STIXSizOneSymBol.ttf', name='STIXSizeOneSym', style='normal', variant='normal', weight=700, stretch='normal', size='scalable')) = 10.335
06-24 13:48 DEBUG    findfont: score(FontEntry(fname='/root/miniconda3/envs/gtdbtk_new/lib/python3.10/site-packages/matplotlib/mpl-data/fonts/ttf/DejaVuSerif-BoldItalic.ttf', name='DejaVu Serif', style='italic', variant='normal', weight=700, stretch='normal', size='scalable')) = 11.335
06-24 13:48 DEBUG    findfont: score(FontEntry(fname='/root/miniconda3/envs/gtdbtk_new/lib/python3.10/site-packages/matplotlib/mpl-data/fonts/ttf/DejaVuSans-Oblique.ttf', name='DejaVu Sans', style='oblique', variant='normal', weight=400, stretch='normal', size='scalable')) = 3.05
06-24 13:48 DEBUG    findfont: score(FontEntry(fname='/root/miniconda3/envs/gtdbtk_new/lib/python3.10/site-packages/matplotlib/mpl-data/fonts/ttf/DejaVuSerif-Italic.ttf', name='DejaVu Serif', style='italic', variant='normal', weight=400, stretch='normal', size='scalable')) = 11.05
06-24 13:48 DEBUG    findfont: score(FontEntry(fname='/root/miniconda3/envs/gtdbtk_new/lib/python3.10/site-packages/matplotlib/mpl-data/fonts/ttf/DejaVuSerifDisplay.ttf', name='DejaVu Serif Display', style='normal', variant='normal', weight=400, stretch='normal', size='scalable')) = 10.05
06-24 13:48 DEBUG    findfont: score(FontEntry(fname='/root/miniconda3/envs/gtdbtk_new/lib/python3.10/site-packages/matplotlib/mpl-data/fonts/ttf/STIXNonUni.ttf', name='STIXNonUnicode', style='normal', variant='normal', weight=400, stretch='normal', size='scalable')) = 10.05
06-24 13:48 DEBUG    findfont: score(FontEntry(fname='/root/miniconda3/envs/gtdbtk_new/lib/python3.10/site-packages/matplotlib/mpl-data/fonts/ttf/STIXSizFiveSymReg.ttf', name='STIXSizeFiveSym', style='normal', variant='normal', weight=400, stretch='normal', size='scalable')) = 10.05
06-24 13:48 DEBUG    findfont: score(FontEntry(fname='/root/miniconda3/envs/gtdbtk_new/lib/python3.10/site-packages/matplotlib/mpl-data/fonts/ttf/cmex10.ttf', name='cmex10', style='normal', variant='normal', weight=400, stretch='normal', size='scalable')) = 10.05
06-24 13:48 DEBUG    findfont: score(FontEntry(fname='/root/miniconda3/envs/gtdbtk_new/lib/python3.10/site-packages/matplotlib/mpl-data/fonts/ttf/STIXGeneralItalic.ttf', name='STIXGeneral', style='italic', variant='normal', weight=400, stretch='normal', size='scalable')) = 11.05
06-24 13:48 DEBUG    findfont: score(FontEntry(fname='/root/miniconda3/envs/gtdbtk_new/lib/python3.10/site-packages/matplotlib/mpl-data/fonts/ttf/STIXGeneralBolIta.ttf', name='STIXGeneral', style='italic', variant='normal', weight=700, stretch='normal', size='scalable')) = 11.335
06-24 13:48 DEBUG    findfont: score(FontEntry(fname='/root/miniconda3/envs/gtdbtk_new/lib/python3.10/site-packages/matplotlib/mpl-data/fonts/ttf/DejaVuSansMono.ttf', name='DejaVu Sans Mono', style='normal', variant='normal', weight=400, stretch='normal', size='scalable')) = 10.05
06-24 13:48 DEBUG    findfont: score(FontEntry(fname='/root/miniconda3/envs/gtdbtk_new/lib/python3.10/site-packages/matplotlib/mpl-data/fonts/ttf/cmb10.ttf', name='cmb10', style='normal', variant='normal', weight=400, stretch='normal', size='scalable')) = 10.05
06-24 13:48 DEBUG    findfont: score(FontEntry(fname='/root/miniconda3/envs/gtdbtk_new/lib/python3.10/site-packages/matplotlib/mpl-data/fonts/ttf/DejaVuSansMono-BoldOblique.ttf', name='DejaVu Sans Mono', style='oblique', variant='normal', weight=700, stretch='normal', size='scalable')) = 11.335
06-24 13:48 DEBUG    findfont: score(FontEntry(fname='/root/miniconda3/envs/gtdbtk_new/lib/python3.10/site-packages/matplotlib/mpl-data/fonts/ttf/STIXNonUniIta.ttf', name='STIXNonUnicode', style='italic', variant='normal', weight=400, stretch='normal', size='scalable')) = 11.05
06-24 13:48 DEBUG    findfont: score(FontEntry(fname='/root/miniconda3/envs/gtdbtk_new/lib/python3.10/site-packages/matplotlib/mpl-data/fonts/ttf/STIXSizTwoSymBol.ttf', name='STIXSizeTwoSym', style='normal', variant='normal', weight=700, stretch='normal', size='scalable')) = 10.335
06-24 13:48 DEBUG    findfont: score(FontEntry(fname='/root/miniconda3/envs/gtdbtk_new/lib/python3.10/site-packages/matplotlib/mpl-data/fonts/ttf/STIXGeneralBol.ttf', name='STIXGeneral', style='normal', variant='normal', weight=700, stretch='normal', size='scalable')) = 10.335
06-24 13:48 DEBUG    findfont: score(FontEntry(fname='/root/miniconda3/envs/gtdbtk_new/lib/python3.10/site-packages/matplotlib/mpl-data/fonts/ttf/STIXNonUniBol.ttf', name='STIXNonUnicode', style='normal', variant='normal', weight=700, stretch='normal', size='scalable')) = 10.335
06-24 13:48 DEBUG    findfont: score(FontEntry(fname='/usr/share/fonts/truetype/ubuntu/Ubuntu-L.ttf', name='Ubuntu', style='normal', variant='normal', weight=300, stretch='normal', size='scalable')) = 10.145
06-24 13:48 DEBUG    findfont: score(FontEntry(fname='/usr/share/fonts/truetype/lato/Lato-HeavyItalic.ttf', name='Lato', style='italic', variant='normal', weight=800, stretch='normal', size='scalable')) = 11.43
06-24 13:48 DEBUG    findfont: score(FontEntry(fname='/usr/share/fonts/truetype/ubuntu/Ubuntu-LI.ttf', name='Ubuntu', style='italic', variant='normal', weight=300, stretch='normal', size='scalable')) = 11.145
06-24 13:48 DEBUG    findfont: score(FontEntry(fname='/usr/share/fonts/truetype/lato/Lato-Regular.ttf', name='Lato', style='normal', variant='normal', weight=400, stretch='normal', size='scalable')) = 10.05
06-24 13:48 DEBUG    findfont: score(FontEntry(fname='/usr/share/fonts/truetype/lato/Lato-Semibold.ttf', name='Lato', style='normal', variant='normal', weight=600, stretch='normal', size='scalable')) = 10.24
06-24 13:48 DEBUG    findfont: score(FontEntry(fname='/usr/share/fonts/truetype/lato/Lato-Black.ttf', name='Lato', style='normal', variant='normal', weight=900, stretch='normal', size='scalable')) = 10.525
06-24 13:48 DEBUG    findfont: score(FontEntry(fname='/usr/share/fonts/truetype/ubuntu/UbuntuMono-B.ttf', name='Ubuntu Mono', style='normal', variant='normal', weight=700, stretch='normal', size='scalable')) = 10.335
06-24 13:48 DEBUG    findfont: score(FontEntry(fname='/usr/share/fonts/truetype/dejavu/DejaVuSansMono-Bold.ttf', name='DejaVu Sans Mono', style='normal', variant='normal', weight=700, stretch='normal', size='scalable')) = 10.335
06-24 13:48 DEBUG    findfont: score(FontEntry(fname='/usr/share/fonts/truetype/ubuntu/Ubuntu-BI.ttf', name='Ubuntu', style='italic', variant='normal', weight=700, stretch='normal', size='scalable')) = 11.335
06-24 13:48 DEBUG    findfont: score(FontEntry(fname='/usr/share/fonts/truetype/ubuntu/Ubuntu-C.ttf', name='Ubuntu Condensed', style='normal', variant='normal', weight=400, stretch='condensed', size='scalable')) = 10.25
06-24 13:48 DEBUG    findfont: score(FontEntry(fname='/usr/share/fonts/truetype/lato/Lato-Italic.ttf', name='Lato', style='italic', variant='normal', weight=400, stretch='normal', size='scalable')) = 11.05
06-24 13:48 DEBUG    findfont: score(FontEntry(fname='/usr/share/fonts/truetype/ubuntu/Ubuntu-MI.ttf', name='Ubuntu', style='italic', variant='normal', weight=500, stretch='normal', size='scalable')) = 11.145
06-24 13:48 DEBUG    findfont: score(FontEntry(fname='/usr/share/fonts/truetype/lato/Lato-LightItalic.ttf', name='Lato', style='italic', variant='normal', weight=300, stretch='normal', size='scalable')) = 11.145
06-24 13:48 DEBUG    findfont: score(FontEntry(fname='/usr/share/fonts/truetype/ubuntu/Ubuntu-M.ttf', name='Ubuntu', style='normal', variant='normal', weight=500, stretch='normal', size='scalable')) = 10.145
06-24 13:48 DEBUG    findfont: score(FontEntry(fname='/usr/share/fonts/truetype/ubuntu/Ubuntu-R.ttf', name='Ubuntu', style='normal', variant='normal', weight=400, stretch='normal', size='scalable')) = 10.05
06-24 13:48 DEBUG    findfont: score(FontEntry(fname='/usr/share/fonts/truetype/lato/Lato-ThinItalic.ttf', name='Lato', style='italic', variant='normal', weight=200, stretch='normal', size='scalable')) = 11.24
06-24 13:48 DEBUG    findfont: score(FontEntry(fname='/usr/share/fonts/truetype/dejavu/DejaVuSerif.ttf', name='DejaVu Serif', style='normal', variant='normal', weight=400, stretch='normal', size='scalable')) = 10.05
06-24 13:48 DEBUG    findfont: score(FontEntry(fname='/usr/share/fonts/truetype/ubuntu/UbuntuMono-R.ttf', name='Ubuntu Mono', style='normal', variant='normal', weight=400, stretch='normal', size='scalable')) = 10.05
06-24 13:48 DEBUG    findfont: score(FontEntry(fname='/usr/share/fonts/truetype/lato/Lato-Thin.ttf', name='Lato', style='normal', variant='normal', weight=200, stretch='normal', size='scalable')) = 10.24
06-24 13:48 DEBUG    findfont: score(FontEntry(fname='/usr/share/fonts/truetype/ubuntu/UbuntuMono-BI.ttf', name='Ubuntu Mono', style='italic', variant='normal', weight=700, stretch='normal', size='scalable')) = 11.335
06-24 13:48 DEBUG    findfont: score(FontEntry(fname='/usr/share/fonts/truetype/lato/Lato-Light.ttf', name='Lato', style='normal', variant='normal', weight=300, stretch='normal', size='scalable')) = 10.145
06-24 13:48 DEBUG    findfont: score(FontEntry(fname='/usr/share/fonts/truetype/lato/Lato-Hairline.ttf', name='Lato', style='normal', variant='normal', weight=100, stretch='normal', size='scalable')) = 10.335
06-24 13:48 DEBUG    findfont: score(FontEntry(fname='/usr/share/fonts/truetype/ubuntu/Ubuntu-RI.ttf', name='Ubuntu', style='italic', variant='normal', weight=400, stretch='normal', size='scalable')) = 11.05
06-24 13:48 DEBUG    findfont: score(FontEntry(fname='/usr/share/fonts/truetype/dejavu/DejaVuSans-Bold.ttf', name='DejaVu Sans', style='normal', variant='normal', weight=700, stretch='normal', size='scalable')) = 2.335
06-24 13:48 DEBUG    findfont: score(FontEntry(fname='/usr/share/fonts/truetype/lato/Lato-Heavy.ttf', name='Lato', style='normal', variant='normal', weight=800, stretch='normal', size='scalable')) = 10.43
06-24 13:48 DEBUG    findfont: score(FontEntry(fname='/usr/share/fonts/truetype/dejavu/DejaVuSans.ttf', name='DejaVu Sans', style='normal', variant='normal', weight=400, stretch='normal', size='scalable')) = 2.05
06-24 13:48 DEBUG    findfont: score(FontEntry(fname='/usr/share/fonts/truetype/dejavu/DejaVuSansMono.ttf', name='DejaVu Sans Mono', style='normal', variant='normal', weight=400, stretch='normal', size='scalable')) = 10.05
06-24 13:48 DEBUG    findfont: score(FontEntry(fname='/usr/share/fonts/truetype/lato/Lato-Bold.ttf', name='Lato', style='normal', variant='normal', weight=700, stretch='normal', size='scalable')) = 10.335
06-24 13:48 DEBUG    findfont: score(FontEntry(fname='/usr/share/fonts/truetype/ubuntu/Ubuntu-Th.ttf', name='Ubuntu', style='normal', variant='normal', weight=250, stretch='normal', size='scalable')) = 10.1925
06-24 13:48 DEBUG    findfont: score(FontEntry(fname='/usr/share/fonts/truetype/lato/Lato-BlackItalic.ttf', name='Lato', style='italic', variant='normal', weight=900, stretch='normal', size='scalable')) = 11.525
06-24 13:48 DEBUG    findfont: score(FontEntry(fname='/usr/share/fonts/truetype/ubuntu/UbuntuMono-RI.ttf', name='Ubuntu Mono', style='italic', variant='normal', weight=400, stretch='normal', size='scalable')) = 11.05
06-24 13:48 DEBUG    findfont: score(FontEntry(fname='/usr/share/fonts/truetype/lato/Lato-BoldItalic.ttf', name='Lato', style='italic', variant='normal', weight=700, stretch='normal', size='scalable')) = 11.335
06-24 13:48 DEBUG    findfont: score(FontEntry(fname='/usr/share/fonts/truetype/ubuntu/Ubuntu-B.ttf', name='Ubuntu', style='normal', variant='normal', weight=700, stretch='normal', size='scalable')) = 10.335
06-24 13:48 DEBUG    findfont: score(FontEntry(fname='/usr/share/fonts/truetype/lato/Lato-HairlineItalic.ttf', name='Lato', style='italic', variant='normal', weight=100, stretch='normal', size='scalable')) = 11.335
06-24 13:48 DEBUG    findfont: score(FontEntry(fname='/usr/share/fonts/truetype/lato/Lato-MediumItalic.ttf', name='Lato', style='italic', variant='normal', weight=500, stretch='normal', size='scalable')) = 11.145
06-24 13:48 DEBUG    findfont: score(FontEntry(fname='/usr/share/fonts/truetype/lato/Lato-Medium.ttf', name='Lato', style='normal', variant='normal', weight=500, stretch='normal', size='scalable')) = 10.145
06-24 13:48 DEBUG    findfont: score(FontEntry(fname='/usr/share/fonts/truetype/dejavu/DejaVuSerif-Bold.ttf', name='DejaVu Serif', style='normal', variant='normal', weight=700, stretch='normal', size='scalable')) = 10.335
06-24 13:48 DEBUG    findfont: score(FontEntry(fname='/usr/share/fonts/truetype/lato/Lato-SemiboldItalic.ttf', name='Lato', style='italic', variant='normal', weight=600, stretch='normal', size='scalable')) = 11.24
06-24 13:48 DEBUG    findfont: Matching sans\-serif:style=normal:variant=normal:weight=normal:stretch=normal:size=12.0 to DejaVu Sans ('/root/miniconda3/envs/gtdbtk_new/lib/python3.10/site-packages/matplotlib/mpl-data/fonts/ttf/DejaVuSans.ttf') with score of 2.050000.
06-24 13:48 DEBUG    Assigning font /F1 = '/root/miniconda3/envs/gtdbtk_new/lib/python3.10/site-packages/matplotlib/mpl-data/fonts/ttf/DejaVuSans.ttf'
06-24 13:48 DEBUG    Embedding font /root/miniconda3/envs/gtdbtk_new/lib/python3.10/site-packages/matplotlib/mpl-data/fonts/ttf/DejaVuSans.ttf.
06-24 13:48 DEBUG    Writing TrueType font.
06-24 13:48 INFO     Plotting secondary dendrograms
06-24 13:48 DEBUG    Assigning font /F1 = '/root/miniconda3/envs/gtdbtk_new/lib/python3.10/site-packages/matplotlib/mpl-data/fonts/ttf/DejaVuSans.ttf'
06-24 13:48 DEBUG    findfont: Matching sans\-serif:style=normal:variant=normal:weight=normal:stretch=normal:size=18.0.
06-24 13:48 DEBUG    findfont: score(FontEntry(fname='/root/miniconda3/envs/gtdbtk_new/lib/python3.10/site-packages/matplotlib/mpl-data/fonts/ttf/DejaVuSerif.ttf', name='DejaVu Serif', style='normal', variant='normal', weight=400, stretch='normal', size='scalable')) = 10.05
06-24 13:48 DEBUG    findfont: score(FontEntry(fname='/root/miniconda3/envs/gtdbtk_new/lib/python3.10/site-packages/matplotlib/mpl-data/fonts/ttf/STIXGeneral.ttf', name='STIXGeneral', style='normal', variant='normal', weight=400, stretch='normal', size='scalable')) = 10.05
06-24 13:48 DEBUG    findfont: score(FontEntry(fname='/root/miniconda3/envs/gtdbtk_new/lib/python3.10/site-packages/matplotlib/mpl-data/fonts/ttf/DejaVuSerif-Bold.ttf', name='DejaVu Serif', style='normal', variant='normal', weight=700, stretch='normal', size='scalable')) = 10.335
06-24 13:48 DEBUG    findfont: score(FontEntry(fname='/root/miniconda3/envs/gtdbtk_new/lib/python3.10/site-packages/matplotlib/mpl-data/fonts/ttf/STIXSizThreeSymReg.ttf', name='STIXSizeThreeSym', style='normal', variant='normal', weight=400, stretch='normal', size='scalable')) = 10.05
06-24 13:48 DEBUG    findfont: score(FontEntry(fname='/root/miniconda3/envs/gtdbtk_new/lib/python3.10/site-packages/matplotlib/mpl-data/fonts/ttf/STIXSizFourSymBol.ttf', name='STIXSizeFourSym', style='normal', variant='normal', weight=700, stretch='normal', size='scalable')) = 10.335
06-24 13:48 DEBUG    findfont: score(FontEntry(fname='/root/miniconda3/envs/gtdbtk_new/lib/python3.10/site-packages/matplotlib/mpl-data/fonts/ttf/DejaVuSansMono-Bold.ttf', name='DejaVu Sans Mono', style='normal', variant='normal', weight=700, stretch='normal', size='scalable')) = 10.335
06-24 13:48 DEBUG    findfont: score(FontEntry(fname='/root/miniconda3/envs/gtdbtk_new/lib/python3.10/site-packages/matplotlib/mpl-data/fonts/ttf/cmsy10.ttf', name='cmsy10', style='normal', variant='normal', weight=400, stretch='normal', size='scalable')) = 10.05
06-24 13:48 DEBUG    findfont: score(FontEntry(fname='/root/miniconda3/envs/gtdbtk_new/lib/python3.10/site-packages/matplotlib/mpl-data/fonts/ttf/STIXNonUniBolIta.ttf', name='STIXNonUnicode', style='italic', variant='normal', weight=700, stretch='normal', size='scalable')) = 11.335
06-24 13:48 DEBUG    findfont: score(FontEntry(fname='/root/miniconda3/envs/gtdbtk_new/lib/python3.10/site-packages/matplotlib/mpl-data/fonts/ttf/STIXSizThreeSymBol.ttf', name='STIXSizeThreeSym', style='normal', variant='normal', weight=700, stretch='normal', size='scalable')) = 10.335
06-24 13:48 DEBUG    findfont: score(FontEntry(fname='/root/miniconda3/envs/gtdbtk_new/lib/python3.10/site-packages/matplotlib/mpl-data/fonts/ttf/DejaVuSans-Bold.ttf', name='DejaVu Sans', style='normal', variant='normal', weight=700, stretch='normal', size='scalable')) = 2.335
06-24 13:48 DEBUG    findfont: score(FontEntry(fname='/root/miniconda3/envs/gtdbtk_new/lib/python3.10/site-packages/matplotlib/mpl-data/fonts/ttf/DejaVuSans-BoldOblique.ttf', name='DejaVu Sans', style='oblique', variant='normal', weight=700, stretch='normal', size='scalable')) = 3.335
06-24 13:48 DEBUG    findfont: score(FontEntry(fname='/root/miniconda3/envs/gtdbtk_new/lib/python3.10/site-packages/matplotlib/mpl-data/fonts/ttf/DejaVuSansDisplay.ttf', name='DejaVu Sans Display', style='normal', variant='normal', weight=400, stretch='normal', size='scalable')) = 10.05
06-24 13:48 DEBUG    findfont: score(FontEntry(fname='/root/miniconda3/envs/gtdbtk_new/lib/python3.10/site-packages/matplotlib/mpl-data/fonts/ttf/DejaVuSansMono-Oblique.ttf', name='DejaVu Sans Mono', style='oblique', variant='normal', weight=400, stretch='normal', size='scalable')) = 11.05
06-24 13:48 DEBUG    findfont: score(FontEntry(fname='/root/miniconda3/envs/gtdbtk_new/lib/python3.10/site-packages/matplotlib/mpl-data/fonts/ttf/STIXSizTwoSymReg.ttf', name='STIXSizeTwoSym', style='normal', variant='normal', weight=400, stretch='normal', size='scalable')) = 10.05
06-24 13:48 DEBUG    findfont: score(FontEntry(fname='/root/miniconda3/envs/gtdbtk_new/lib/python3.10/site-packages/matplotlib/mpl-data/fonts/ttf/cmss10.ttf', name='cmss10', style='normal', variant='normal', weight=400, stretch='normal', size='scalable')) = 10.05
06-24 13:48 DEBUG    findfont: score(FontEntry(fname='/root/miniconda3/envs/gtdbtk_new/lib/python3.10/site-packages/matplotlib/mpl-data/fonts/ttf/DejaVuSans.ttf', name='DejaVu Sans', style='normal', variant='normal', weight=400, stretch='normal', size='scalable')) = 2.05
06-24 13:48 DEBUG    findfont: score(FontEntry(fname='/root/miniconda3/envs/gtdbtk_new/lib/python3.10/site-packages/matplotlib/mpl-data/fonts/ttf/STIXSizOneSymReg.ttf', name='STIXSizeOneSym', style='normal', variant='normal', weight=400, stretch='normal', size='scalable')) = 10.05
06-24 13:48 DEBUG    findfont: score(FontEntry(fname='/root/miniconda3/envs/gtdbtk_new/lib/python3.10/site-packages/matplotlib/mpl-data/fonts/ttf/cmr10.ttf', name='cmr10', style='normal', variant='normal', weight=400, stretch='normal', size='scalable')) = 10.05
06-24 13:48 DEBUG    findfont: score(FontEntry(fname='/root/miniconda3/envs/gtdbtk_new/lib/python3.10/site-packages/matplotlib/mpl-data/fonts/ttf/cmmi10.ttf', name='cmmi10', style='normal', variant='normal', weight=400, stretch='normal', size='scalable')) = 10.05
06-24 13:48 DEBUG    findfont: score(FontEntry(fname='/root/miniconda3/envs/gtdbtk_new/lib/python3.10/site-packages/matplotlib/mpl-data/fonts/ttf/STIXSizFourSymReg.ttf', name='STIXSizeFourSym', style='normal', variant='normal', weight=400, stretch='normal', size='scalable')) = 10.05
06-24 13:48 DEBUG    findfont: score(FontEntry(fname='/root/miniconda3/envs/gtdbtk_new/lib/python3.10/site-packages/matplotlib/mpl-data/fonts/ttf/cmtt10.ttf', name='cmtt10', style='normal', variant='normal', weight=400, stretch='normal', size='scalable')) = 10.05
06-24 13:48 DEBUG    findfont: score(FontEntry(fname='/root/miniconda3/envs/gtdbtk_new/lib/python3.10/site-packages/matplotlib/mpl-data/fonts/ttf/STIXSizOneSymBol.ttf', name='STIXSizeOneSym', style='normal', variant='normal', weight=700, stretch='normal', size='scalable')) = 10.335
06-24 13:48 DEBUG    findfont: score(FontEntry(fname='/root/miniconda3/envs/gtdbtk_new/lib/python3.10/site-packages/matplotlib/mpl-data/fonts/ttf/DejaVuSerif-BoldItalic.ttf', name='DejaVu Serif', style='italic', variant='normal', weight=700, stretch='normal', size='scalable')) = 11.335
06-24 13:48 DEBUG    findfont: score(FontEntry(fname='/root/miniconda3/envs/gtdbtk_new/lib/python3.10/site-packages/matplotlib/mpl-data/fonts/ttf/DejaVuSans-Oblique.ttf', name='DejaVu Sans', style='oblique', variant='normal', weight=400, stretch='normal', size='scalable')) = 3.05
06-24 13:48 DEBUG    findfont: score(FontEntry(fname='/root/miniconda3/envs/gtdbtk_new/lib/python3.10/site-packages/matplotlib/mpl-data/fonts/ttf/DejaVuSerif-Italic.ttf', name='DejaVu Serif', style='italic', variant='normal', weight=400, stretch='normal', size='scalable')) = 11.05
06-24 13:48 DEBUG    findfont: score(FontEntry(fname='/root/miniconda3/envs/gtdbtk_new/lib/python3.10/site-packages/matplotlib/mpl-data/fonts/ttf/DejaVuSerifDisplay.ttf', name='DejaVu Serif Display', style='normal', variant='normal', weight=400, stretch='normal', size='scalable')) = 10.05
06-24 13:48 DEBUG    findfont: score(FontEntry(fname='/root/miniconda3/envs/gtdbtk_new/lib/python3.10/site-packages/matplotlib/mpl-data/fonts/ttf/STIXNonUni.ttf', name='STIXNonUnicode', style='normal', variant='normal', weight=400, stretch='normal', size='scalable')) = 10.05
06-24 13:48 DEBUG    findfont: score(FontEntry(fname='/root/miniconda3/envs/gtdbtk_new/lib/python3.10/site-packages/matplotlib/mpl-data/fonts/ttf/STIXSizFiveSymReg.ttf', name='STIXSizeFiveSym', style='normal', variant='normal', weight=400, stretch='normal', size='scalable')) = 10.05
06-24 13:48 DEBUG    findfont: score(FontEntry(fname='/root/miniconda3/envs/gtdbtk_new/lib/python3.10/site-packages/matplotlib/mpl-data/fonts/ttf/cmex10.ttf', name='cmex10', style='normal', variant='normal', weight=400, stretch='normal', size='scalable')) = 10.05
06-24 13:48 DEBUG    findfont: score(FontEntry(fname='/root/miniconda3/envs/gtdbtk_new/lib/python3.10/site-packages/matplotlib/mpl-data/fonts/ttf/STIXGeneralItalic.ttf', name='STIXGeneral', style='italic', variant='normal', weight=400, stretch='normal', size='scalable')) = 11.05
06-24 13:48 DEBUG    findfont: score(FontEntry(fname='/root/miniconda3/envs/gtdbtk_new/lib/python3.10/site-packages/matplotlib/mpl-data/fonts/ttf/STIXGeneralBolIta.ttf', name='STIXGeneral', style='italic', variant='normal', weight=700, stretch='normal', size='scalable')) = 11.335
06-24 13:48 DEBUG    findfont: score(FontEntry(fname='/root/miniconda3/envs/gtdbtk_new/lib/python3.10/site-packages/matplotlib/mpl-data/fonts/ttf/DejaVuSansMono.ttf', name='DejaVu Sans Mono', style='normal', variant='normal', weight=400, stretch='normal', size='scalable')) = 10.05
06-24 13:48 DEBUG    findfont: score(FontEntry(fname='/root/miniconda3/envs/gtdbtk_new/lib/python3.10/site-packages/matplotlib/mpl-data/fonts/ttf/cmb10.ttf', name='cmb10', style='normal', variant='normal', weight=400, stretch='normal', size='scalable')) = 10.05
06-24 13:48 DEBUG    findfont: score(FontEntry(fname='/root/miniconda3/envs/gtdbtk_new/lib/python3.10/site-packages/matplotlib/mpl-data/fonts/ttf/DejaVuSansMono-BoldOblique.ttf', name='DejaVu Sans Mono', style='oblique', variant='normal', weight=700, stretch='normal', size='scalable')) = 11.335
06-24 13:48 DEBUG    findfont: score(FontEntry(fname='/root/miniconda3/envs/gtdbtk_new/lib/python3.10/site-packages/matplotlib/mpl-data/fonts/ttf/STIXNonUniIta.ttf', name='STIXNonUnicode', style='italic', variant='normal', weight=400, stretch='normal', size='scalable')) = 11.05
06-24 13:48 DEBUG    findfont: score(FontEntry(fname='/root/miniconda3/envs/gtdbtk_new/lib/python3.10/site-packages/matplotlib/mpl-data/fonts/ttf/STIXSizTwoSymBol.ttf', name='STIXSizeTwoSym', style='normal', variant='normal', weight=700, stretch='normal', size='scalable')) = 10.335
06-24 13:48 DEBUG    findfont: score(FontEntry(fname='/root/miniconda3/envs/gtdbtk_new/lib/python3.10/site-packages/matplotlib/mpl-data/fonts/ttf/STIXGeneralBol.ttf', name='STIXGeneral', style='normal', variant='normal', weight=700, stretch='normal', size='scalable')) = 10.335
06-24 13:48 DEBUG    findfont: score(FontEntry(fname='/root/miniconda3/envs/gtdbtk_new/lib/python3.10/site-packages/matplotlib/mpl-data/fonts/ttf/STIXNonUniBol.ttf', name='STIXNonUnicode', style='normal', variant='normal', weight=700, stretch='normal', size='scalable')) = 10.335
06-24 13:48 DEBUG    findfont: score(FontEntry(fname='/usr/share/fonts/truetype/ubuntu/Ubuntu-L.ttf', name='Ubuntu', style='normal', variant='normal', weight=300, stretch='normal', size='scalable')) = 10.145
06-24 13:48 DEBUG    findfont: score(FontEntry(fname='/usr/share/fonts/truetype/lato/Lato-HeavyItalic.ttf', name='Lato', style='italic', variant='normal', weight=800, stretch='normal', size='scalable')) = 11.43
06-24 13:48 DEBUG    findfont: score(FontEntry(fname='/usr/share/fonts/truetype/ubuntu/Ubuntu-LI.ttf', name='Ubuntu', style='italic', variant='normal', weight=300, stretch='normal', size='scalable')) = 11.145
06-24 13:48 DEBUG    findfont: score(FontEntry(fname='/usr/share/fonts/truetype/lato/Lato-Regular.ttf', name='Lato', style='normal', variant='normal', weight=400, stretch='normal', size='scalable')) = 10.05
06-24 13:48 DEBUG    findfont: score(FontEntry(fname='/usr/share/fonts/truetype/lato/Lato-Semibold.ttf', name='Lato', style='normal', variant='normal', weight=600, stretch='normal', size='scalable')) = 10.24
06-24 13:48 DEBUG    findfont: score(FontEntry(fname='/usr/share/fonts/truetype/lato/Lato-Black.ttf', name='Lato', style='normal', variant='normal', weight=900, stretch='normal', size='scalable')) = 10.525
06-24 13:48 DEBUG    findfont: score(FontEntry(fname='/usr/share/fonts/truetype/ubuntu/UbuntuMono-B.ttf', name='Ubuntu Mono', style='normal', variant='normal', weight=700, stretch='normal', size='scalable')) = 10.335
06-24 13:48 DEBUG    findfont: score(FontEntry(fname='/usr/share/fonts/truetype/dejavu/DejaVuSansMono-Bold.ttf', name='DejaVu Sans Mono', style='normal', variant='normal', weight=700, stretch='normal', size='scalable')) = 10.335
06-24 13:48 DEBUG    findfont: score(FontEntry(fname='/usr/share/fonts/truetype/ubuntu/Ubuntu-BI.ttf', name='Ubuntu', style='italic', variant='normal', weight=700, stretch='normal', size='scalable')) = 11.335
06-24 13:48 DEBUG    findfont: score(FontEntry(fname='/usr/share/fonts/truetype/ubuntu/Ubuntu-C.ttf', name='Ubuntu Condensed', style='normal', variant='normal', weight=400, stretch='condensed', size='scalable')) = 10.25
06-24 13:48 DEBUG    findfont: score(FontEntry(fname='/usr/share/fonts/truetype/lato/Lato-Italic.ttf', name='Lato', style='italic', variant='normal', weight=400, stretch='normal', size='scalable')) = 11.05
06-24 13:48 DEBUG    findfont: score(FontEntry(fname='/usr/share/fonts/truetype/ubuntu/Ubuntu-MI.ttf', name='Ubuntu', style='italic', variant='normal', weight=500, stretch='normal', size='scalable')) = 11.145
06-24 13:48 DEBUG    findfont: score(FontEntry(fname='/usr/share/fonts/truetype/lato/Lato-LightItalic.ttf', name='Lato', style='italic', variant='normal', weight=300, stretch='normal', size='scalable')) = 11.145
06-24 13:48 DEBUG    findfont: score(FontEntry(fname='/usr/share/fonts/truetype/ubuntu/Ubuntu-M.ttf', name='Ubuntu', style='normal', variant='normal', weight=500, stretch='normal', size='scalable')) = 10.145
06-24 13:48 DEBUG    findfont: score(FontEntry(fname='/usr/share/fonts/truetype/ubuntu/Ubuntu-R.ttf', name='Ubuntu', style='normal', variant='normal', weight=400, stretch='normal', size='scalable')) = 10.05
06-24 13:48 DEBUG    findfont: score(FontEntry(fname='/usr/share/fonts/truetype/lato/Lato-ThinItalic.ttf', name='Lato', style='italic', variant='normal', weight=200, stretch='normal', size='scalable')) = 11.24
06-24 13:48 DEBUG    findfont: score(FontEntry(fname='/usr/share/fonts/truetype/dejavu/DejaVuSerif.ttf', name='DejaVu Serif', style='normal', variant='normal', weight=400, stretch='normal', size='scalable')) = 10.05
06-24 13:48 DEBUG    findfont: score(FontEntry(fname='/usr/share/fonts/truetype/ubuntu/UbuntuMono-R.ttf', name='Ubuntu Mono', style='normal', variant='normal', weight=400, stretch='normal', size='scalable')) = 10.05
06-24 13:48 DEBUG    findfont: score(FontEntry(fname='/usr/share/fonts/truetype/lato/Lato-Thin.ttf', name='Lato', style='normal', variant='normal', weight=200, stretch='normal', size='scalable')) = 10.24
06-24 13:48 DEBUG    findfont: score(FontEntry(fname='/usr/share/fonts/truetype/ubuntu/UbuntuMono-BI.ttf', name='Ubuntu Mono', style='italic', variant='normal', weight=700, stretch='normal', size='scalable')) = 11.335
06-24 13:48 DEBUG    findfont: score(FontEntry(fname='/usr/share/fonts/truetype/lato/Lato-Light.ttf', name='Lato', style='normal', variant='normal', weight=300, stretch='normal', size='scalable')) = 10.145
06-24 13:48 DEBUG    findfont: score(FontEntry(fname='/usr/share/fonts/truetype/lato/Lato-Hairline.ttf', name='Lato', style='normal', variant='normal', weight=100, stretch='normal', size='scalable')) = 10.335
06-24 13:48 DEBUG    findfont: score(FontEntry(fname='/usr/share/fonts/truetype/ubuntu/Ubuntu-RI.ttf', name='Ubuntu', style='italic', variant='normal', weight=400, stretch='normal', size='scalable')) = 11.05
06-24 13:48 DEBUG    findfont: score(FontEntry(fname='/usr/share/fonts/truetype/dejavu/DejaVuSans-Bold.ttf', name='DejaVu Sans', style='normal', variant='normal', weight=700, stretch='normal', size='scalable')) = 2.335
06-24 13:48 DEBUG    findfont: score(FontEntry(fname='/usr/share/fonts/truetype/lato/Lato-Heavy.ttf', name='Lato', style='normal', variant='normal', weight=800, stretch='normal', size='scalable')) = 10.43
06-24 13:48 DEBUG    findfont: score(FontEntry(fname='/usr/share/fonts/truetype/dejavu/DejaVuSans.ttf', name='DejaVu Sans', style='normal', variant='normal', weight=400, stretch='normal', size='scalable')) = 2.05
06-24 13:48 DEBUG    findfont: score(FontEntry(fname='/usr/share/fonts/truetype/dejavu/DejaVuSansMono.ttf', name='DejaVu Sans Mono', style='normal', variant='normal', weight=400, stretch='normal', size='scalable')) = 10.05
06-24 13:48 DEBUG    findfont: score(FontEntry(fname='/usr/share/fonts/truetype/lato/Lato-Bold.ttf', name='Lato', style='normal', variant='normal', weight=700, stretch='normal', size='scalable')) = 10.335
06-24 13:48 DEBUG    findfont: score(FontEntry(fname='/usr/share/fonts/truetype/ubuntu/Ubuntu-Th.ttf', name='Ubuntu', style='normal', variant='normal', weight=250, stretch='normal', size='scalable')) = 10.1925
06-24 13:48 DEBUG    findfont: score(FontEntry(fname='/usr/share/fonts/truetype/lato/Lato-BlackItalic.ttf', name='Lato', style='italic', variant='normal', weight=900, stretch='normal', size='scalable')) = 11.525
06-24 13:48 DEBUG    findfont: score(FontEntry(fname='/usr/share/fonts/truetype/ubuntu/UbuntuMono-RI.ttf', name='Ubuntu Mono', style='italic', variant='normal', weight=400, stretch='normal', size='scalable')) = 11.05
06-24 13:48 DEBUG    findfont: score(FontEntry(fname='/usr/share/fonts/truetype/lato/Lato-BoldItalic.ttf', name='Lato', style='italic', variant='normal', weight=700, stretch='normal', size='scalable')) = 11.335
06-24 13:48 DEBUG    findfont: score(FontEntry(fname='/usr/share/fonts/truetype/ubuntu/Ubuntu-B.ttf', name='Ubuntu', style='normal', variant='normal', weight=700, stretch='normal', size='scalable')) = 10.335
06-24 13:48 DEBUG    findfont: score(FontEntry(fname='/usr/share/fonts/truetype/lato/Lato-HairlineItalic.ttf', name='Lato', style='italic', variant='normal', weight=100, stretch='normal', size='scalable')) = 11.335
06-24 13:48 DEBUG    findfont: score(FontEntry(fname='/usr/share/fonts/truetype/lato/Lato-MediumItalic.ttf', name='Lato', style='italic', variant='normal', weight=500, stretch='normal', size='scalable')) = 11.145
06-24 13:48 DEBUG    findfont: score(FontEntry(fname='/usr/share/fonts/truetype/lato/Lato-Medium.ttf', name='Lato', style='normal', variant='normal', weight=500, stretch='normal', size='scalable')) = 10.145
06-24 13:48 DEBUG    findfont: score(FontEntry(fname='/usr/share/fonts/truetype/dejavu/DejaVuSerif-Bold.ttf', name='DejaVu Serif', style='normal', variant='normal', weight=700, stretch='normal', size='scalable')) = 10.335
06-24 13:48 DEBUG    findfont: score(FontEntry(fname='/usr/share/fonts/truetype/lato/Lato-SemiboldItalic.ttf', name='Lato', style='italic', variant='normal', weight=600, stretch='normal', size='scalable')) = 11.24
06-24 13:48 DEBUG    findfont: Matching sans\-serif:style=normal:variant=normal:weight=normal:stretch=normal:size=18.0 to DejaVu Sans ('/root/miniconda3/envs/gtdbtk_new/lib/python3.10/site-packages/matplotlib/mpl-data/fonts/ttf/DejaVuSans.ttf') with score of 2.050000.
06-24 13:48 DEBUG    Embedding font /root/miniconda3/envs/gtdbtk_new/lib/python3.10/site-packages/matplotlib/mpl-data/fonts/ttf/DejaVuSans.ttf.
06-24 13:48 DEBUG    Writing TrueType font.
06-24 13:48 INFO     Plotting MDS plot
06-24 13:48 DEBUG    findfont: Matching sans\-serif:style=italic:variant=normal:weight=normal:stretch=normal:size=10.0.
06-24 13:48 DEBUG    findfont: score(FontEntry(fname='/root/miniconda3/envs/gtdbtk_new/lib/python3.10/site-packages/matplotlib/mpl-data/fonts/ttf/DejaVuSerif.ttf', name='DejaVu Serif', style='normal', variant='normal', weight=400, stretch='normal', size='scalable')) = 11.05
06-24 13:48 DEBUG    findfont: score(FontEntry(fname='/root/miniconda3/envs/gtdbtk_new/lib/python3.10/site-packages/matplotlib/mpl-data/fonts/ttf/STIXGeneral.ttf', name='STIXGeneral', style='normal', variant='normal', weight=400, stretch='normal', size='scalable')) = 11.05
06-24 13:48 DEBUG    findfont: score(FontEntry(fname='/root/miniconda3/envs/gtdbtk_new/lib/python3.10/site-packages/matplotlib/mpl-data/fonts/ttf/DejaVuSerif-Bold.ttf', name='DejaVu Serif', style='normal', variant='normal', weight=700, stretch='normal', size='scalable')) = 11.335
06-24 13:48 DEBUG    findfont: score(FontEntry(fname='/root/miniconda3/envs/gtdbtk_new/lib/python3.10/site-packages/matplotlib/mpl-data/fonts/ttf/STIXSizThreeSymReg.ttf', name='STIXSizeThreeSym', style='normal', variant='normal', weight=400, stretch='normal', size='scalable')) = 11.05
06-24 13:48 DEBUG    findfont: score(FontEntry(fname='/root/miniconda3/envs/gtdbtk_new/lib/python3.10/site-packages/matplotlib/mpl-data/fonts/ttf/STIXSizFourSymBol.ttf', name='STIXSizeFourSym', style='normal', variant='normal', weight=700, stretch='normal', size='scalable')) = 11.335
06-24 13:48 DEBUG    findfont: score(FontEntry(fname='/root/miniconda3/envs/gtdbtk_new/lib/python3.10/site-packages/matplotlib/mpl-data/fonts/ttf/DejaVuSansMono-Bold.ttf', name='DejaVu Sans Mono', style='normal', variant='normal', weight=700, stretch='normal', size='scalable')) = 11.335
06-24 13:48 DEBUG    findfont: score(FontEntry(fname='/root/miniconda3/envs/gtdbtk_new/lib/python3.10/site-packages/matplotlib/mpl-data/fonts/ttf/cmsy10.ttf', name='cmsy10', style='normal', variant='normal', weight=400, stretch='normal', size='scalable')) = 11.05
06-24 13:48 DEBUG    findfont: score(FontEntry(fname='/root/miniconda3/envs/gtdbtk_new/lib/python3.10/site-packages/matplotlib/mpl-data/fonts/ttf/STIXNonUniBolIta.ttf', name='STIXNonUnicode', style='italic', variant='normal', weight=700, stretch='normal', size='scalable')) = 10.335
06-24 13:48 DEBUG    findfont: score(FontEntry(fname='/root/miniconda3/envs/gtdbtk_new/lib/python3.10/site-packages/matplotlib/mpl-data/fonts/ttf/STIXSizThreeSymBol.ttf', name='STIXSizeThreeSym', style='normal', variant='normal', weight=700, stretch='normal', size='scalable')) = 11.335
06-24 13:48 DEBUG    findfont: score(FontEntry(fname='/root/miniconda3/envs/gtdbtk_new/lib/python3.10/site-packages/matplotlib/mpl-data/fonts/ttf/DejaVuSans-Bold.ttf', name='DejaVu Sans', style='normal', variant='normal', weight=700, stretch='normal', size='scalable')) = 3.335
06-24 13:48 DEBUG    findfont: score(FontEntry(fname='/root/miniconda3/envs/gtdbtk_new/lib/python3.10/site-packages/matplotlib/mpl-data/fonts/ttf/DejaVuSans-BoldOblique.ttf', name='DejaVu Sans', style='oblique', variant='normal', weight=700, stretch='normal', size='scalable')) = 2.435
06-24 13:48 DEBUG    findfont: score(FontEntry(fname='/root/miniconda3/envs/gtdbtk_new/lib/python3.10/site-packages/matplotlib/mpl-data/fonts/ttf/DejaVuSansDisplay.ttf', name='DejaVu Sans Display', style='normal', variant='normal', weight=400, stretch='normal', size='scalable')) = 11.05
06-24 13:48 DEBUG    findfont: score(FontEntry(fname='/root/miniconda3/envs/gtdbtk_new/lib/python3.10/site-packages/matplotlib/mpl-data/fonts/ttf/DejaVuSansMono-Oblique.ttf', name='DejaVu Sans Mono', style='oblique', variant='normal', weight=400, stretch='normal', size='scalable')) = 10.15
06-24 13:48 DEBUG    findfont: score(FontEntry(fname='/root/miniconda3/envs/gtdbtk_new/lib/python3.10/site-packages/matplotlib/mpl-data/fonts/ttf/STIXSizTwoSymReg.ttf', name='STIXSizeTwoSym', style='normal', variant='normal', weight=400, stretch='normal', size='scalable')) = 11.05
06-24 13:48 DEBUG    findfont: score(FontEntry(fname='/root/miniconda3/envs/gtdbtk_new/lib/python3.10/site-packages/matplotlib/mpl-data/fonts/ttf/cmss10.ttf', name='cmss10', style='normal', variant='normal', weight=400, stretch='normal', size='scalable')) = 11.05
06-24 13:48 DEBUG    findfont: score(FontEntry(fname='/root/miniconda3/envs/gtdbtk_new/lib/python3.10/site-packages/matplotlib/mpl-data/fonts/ttf/DejaVuSans.ttf', name='DejaVu Sans', style='normal', variant='normal', weight=400, stretch='normal', size='scalable')) = 3.05
06-24 13:48 DEBUG    findfont: score(FontEntry(fname='/root/miniconda3/envs/gtdbtk_new/lib/python3.10/site-packages/matplotlib/mpl-data/fonts/ttf/STIXSizOneSymReg.ttf', name='STIXSizeOneSym', style='normal', variant='normal', weight=400, stretch='normal', size='scalable')) = 11.05
06-24 13:48 DEBUG    findfont: score(FontEntry(fname='/root/miniconda3/envs/gtdbtk_new/lib/python3.10/site-packages/matplotlib/mpl-data/fonts/ttf/cmr10.ttf', name='cmr10', style='normal', variant='normal', weight=400, stretch='normal', size='scalable')) = 11.05
06-24 13:48 DEBUG    findfont: score(FontEntry(fname='/root/miniconda3/envs/gtdbtk_new/lib/python3.10/site-packages/matplotlib/mpl-data/fonts/ttf/cmmi10.ttf', name='cmmi10', style='normal', variant='normal', weight=400, stretch='normal', size='scalable')) = 11.05
06-24 13:48 DEBUG    findfont: score(FontEntry(fname='/root/miniconda3/envs/gtdbtk_new/lib/python3.10/site-packages/matplotlib/mpl-data/fonts/ttf/STIXSizFourSymReg.ttf', name='STIXSizeFourSym', style='normal', variant='normal', weight=400, stretch='normal', size='scalable')) = 11.05
06-24 13:48 DEBUG    findfont: score(FontEntry(fname='/root/miniconda3/envs/gtdbtk_new/lib/python3.10/site-packages/matplotlib/mpl-data/fonts/ttf/cmtt10.ttf', name='cmtt10', style='normal', variant='normal', weight=400, stretch='normal', size='scalable')) = 11.05
06-24 13:48 DEBUG    findfont: score(FontEntry(fname='/root/miniconda3/envs/gtdbtk_new/lib/python3.10/site-packages/matplotlib/mpl-data/fonts/ttf/STIXSizOneSymBol.ttf', name='STIXSizeOneSym', style='normal', variant='normal', weight=700, stretch='normal', size='scalable')) = 11.335
06-24 13:48 DEBUG    findfont: score(FontEntry(fname='/root/miniconda3/envs/gtdbtk_new/lib/python3.10/site-packages/matplotlib/mpl-data/fonts/ttf/DejaVuSerif-BoldItalic.ttf', name='DejaVu Serif', style='italic', variant='normal', weight=700, stretch='normal', size='scalable')) = 10.335
06-24 13:48 DEBUG    findfont: score(FontEntry(fname='/root/miniconda3/envs/gtdbtk_new/lib/python3.10/site-packages/matplotlib/mpl-data/fonts/ttf/DejaVuSans-Oblique.ttf', name='DejaVu Sans', style='oblique', variant='normal', weight=400, stretch='normal', size='scalable')) = 2.15
06-24 13:48 DEBUG    findfont: score(FontEntry(fname='/root/miniconda3/envs/gtdbtk_new/lib/python3.10/site-packages/matplotlib/mpl-data/fonts/ttf/DejaVuSerif-Italic.ttf', name='DejaVu Serif', style='italic', variant='normal', weight=400, stretch='normal', size='scalable')) = 10.05
06-24 13:48 DEBUG    findfont: score(FontEntry(fname='/root/miniconda3/envs/gtdbtk_new/lib/python3.10/site-packages/matplotlib/mpl-data/fonts/ttf/DejaVuSerifDisplay.ttf', name='DejaVu Serif Display', style='normal', variant='normal', weight=400, stretch='normal', size='scalable')) = 11.05
06-24 13:48 DEBUG    findfont: score(FontEntry(fname='/root/miniconda3/envs/gtdbtk_new/lib/python3.10/site-packages/matplotlib/mpl-data/fonts/ttf/STIXNonUni.ttf', name='STIXNonUnicode', style='normal', variant='normal', weight=400, stretch='normal', size='scalable')) = 11.05
06-24 13:48 DEBUG    findfont: score(FontEntry(fname='/root/miniconda3/envs/gtdbtk_new/lib/python3.10/site-packages/matplotlib/mpl-data/fonts/ttf/STIXSizFiveSymReg.ttf', name='STIXSizeFiveSym', style='normal', variant='normal', weight=400, stretch='normal', size='scalable')) = 11.05
06-24 13:48 DEBUG    findfont: score(FontEntry(fname='/root/miniconda3/envs/gtdbtk_new/lib/python3.10/site-packages/matplotlib/mpl-data/fonts/ttf/cmex10.ttf', name='cmex10', style='normal', variant='normal', weight=400, stretch='normal', size='scalable')) = 11.05
06-24 13:48 DEBUG    findfont: score(FontEntry(fname='/root/miniconda3/envs/gtdbtk_new/lib/python3.10/site-packages/matplotlib/mpl-data/fonts/ttf/STIXGeneralItalic.ttf', name='STIXGeneral', style='italic', variant='normal', weight=400, stretch='normal', size='scalable')) = 10.05
06-24 13:48 DEBUG    findfont: score(FontEntry(fname='/root/miniconda3/envs/gtdbtk_new/lib/python3.10/site-packages/matplotlib/mpl-data/fonts/ttf/STIXGeneralBolIta.ttf', name='STIXGeneral', style='italic', variant='normal', weight=700, stretch='normal', size='scalable')) = 10.335
06-24 13:48 DEBUG    findfont: score(FontEntry(fname='/root/miniconda3/envs/gtdbtk_new/lib/python3.10/site-packages/matplotlib/mpl-data/fonts/ttf/DejaVuSansMono.ttf', name='DejaVu Sans Mono', style='normal', variant='normal', weight=400, stretch='normal', size='scalable')) = 11.05
06-24 13:48 DEBUG    findfont: score(FontEntry(fname='/root/miniconda3/envs/gtdbtk_new/lib/python3.10/site-packages/matplotlib/mpl-data/fonts/ttf/cmb10.ttf', name='cmb10', style='normal', variant='normal', weight=400, stretch='normal', size='scalable')) = 11.05
06-24 13:48 DEBUG    findfont: score(FontEntry(fname='/root/miniconda3/envs/gtdbtk_new/lib/python3.10/site-packages/matplotlib/mpl-data/fonts/ttf/DejaVuSansMono-BoldOblique.ttf', name='DejaVu Sans Mono', style='oblique', variant='normal', weight=700, stretch='normal', size='scalable')) = 10.434999999999999
06-24 13:48 DEBUG    findfont: score(FontEntry(fname='/root/miniconda3/envs/gtdbtk_new/lib/python3.10/site-packages/matplotlib/mpl-data/fonts/ttf/STIXNonUniIta.ttf', name='STIXNonUnicode', style='italic', variant='normal', weight=400, stretch='normal', size='scalable')) = 10.05
06-24 13:48 DEBUG    findfont: score(FontEntry(fname='/root/miniconda3/envs/gtdbtk_new/lib/python3.10/site-packages/matplotlib/mpl-data/fonts/ttf/STIXSizTwoSymBol.ttf', name='STIXSizeTwoSym', style='normal', variant='normal', weight=700, stretch='normal', size='scalable')) = 11.335
06-24 13:48 DEBUG    findfont: score(FontEntry(fname='/root/miniconda3/envs/gtdbtk_new/lib/python3.10/site-packages/matplotlib/mpl-data/fonts/ttf/STIXGeneralBol.ttf', name='STIXGeneral', style='normal', variant='normal', weight=700, stretch='normal', size='scalable')) = 11.335
06-24 13:48 DEBUG    findfont: score(FontEntry(fname='/root/miniconda3/envs/gtdbtk_new/lib/python3.10/site-packages/matplotlib/mpl-data/fonts/ttf/STIXNonUniBol.ttf', name='STIXNonUnicode', style='normal', variant='normal', weight=700, stretch='normal', size='scalable')) = 11.335
06-24 13:48 DEBUG    findfont: score(FontEntry(fname='/usr/share/fonts/truetype/ubuntu/Ubuntu-L.ttf', name='Ubuntu', style='normal', variant='normal', weight=300, stretch='normal', size='scalable')) = 11.145
06-24 13:48 DEBUG    findfont: score(FontEntry(fname='/usr/share/fonts/truetype/lato/Lato-HeavyItalic.ttf', name='Lato', style='italic', variant='normal', weight=800, stretch='normal', size='scalable')) = 10.43
06-24 13:48 DEBUG    findfont: score(FontEntry(fname='/usr/share/fonts/truetype/ubuntu/Ubuntu-LI.ttf', name='Ubuntu', style='italic', variant='normal', weight=300, stretch='normal', size='scalable')) = 10.145
06-24 13:48 DEBUG    findfont: score(FontEntry(fname='/usr/share/fonts/truetype/lato/Lato-Regular.ttf', name='Lato', style='normal', variant='normal', weight=400, stretch='normal', size='scalable')) = 11.05
06-24 13:48 DEBUG    findfont: score(FontEntry(fname='/usr/share/fonts/truetype/lato/Lato-Semibold.ttf', name='Lato', style='normal', variant='normal', weight=600, stretch='normal', size='scalable')) = 11.24
06-24 13:48 DEBUG    findfont: score(FontEntry(fname='/usr/share/fonts/truetype/lato/Lato-Black.ttf', name='Lato', style='normal', variant='normal', weight=900, stretch='normal', size='scalable')) = 11.525
06-24 13:48 DEBUG    findfont: score(FontEntry(fname='/usr/share/fonts/truetype/ubuntu/UbuntuMono-B.ttf', name='Ubuntu Mono', style='normal', variant='normal', weight=700, stretch='normal', size='scalable')) = 11.335
06-24 13:48 DEBUG    findfont: score(FontEntry(fname='/usr/share/fonts/truetype/dejavu/DejaVuSansMono-Bold.ttf', name='DejaVu Sans Mono', style='normal', variant='normal', weight=700, stretch='normal', size='scalable')) = 11.335
06-24 13:48 DEBUG    findfont: score(FontEntry(fname='/usr/share/fonts/truetype/ubuntu/Ubuntu-BI.ttf', name='Ubuntu', style='italic', variant='normal', weight=700, stretch='normal', size='scalable')) = 10.335
06-24 13:48 DEBUG    findfont: score(FontEntry(fname='/usr/share/fonts/truetype/ubuntu/Ubuntu-C.ttf', name='Ubuntu Condensed', style='normal', variant='normal', weight=400, stretch='condensed', size='scalable')) = 11.25
06-24 13:48 DEBUG    findfont: score(FontEntry(fname='/usr/share/fonts/truetype/lato/Lato-Italic.ttf', name='Lato', style='italic', variant='normal', weight=400, stretch='normal', size='scalable')) = 10.05
06-24 13:48 DEBUG    findfont: score(FontEntry(fname='/usr/share/fonts/truetype/ubuntu/Ubuntu-MI.ttf', name='Ubuntu', style='italic', variant='normal', weight=500, stretch='normal', size='scalable')) = 10.145
06-24 13:48 DEBUG    findfont: score(FontEntry(fname='/usr/share/fonts/truetype/lato/Lato-LightItalic.ttf', name='Lato', style='italic', variant='normal', weight=300, stretch='normal', size='scalable')) = 10.145
06-24 13:48 DEBUG    findfont: score(FontEntry(fname='/usr/share/fonts/truetype/ubuntu/Ubuntu-M.ttf', name='Ubuntu', style='normal', variant='normal', weight=500, stretch='normal', size='scalable')) = 11.145
06-24 13:48 DEBUG    findfont: score(FontEntry(fname='/usr/share/fonts/truetype/ubuntu/Ubuntu-R.ttf', name='Ubuntu', style='normal', variant='normal', weight=400, stretch='normal', size='scalable')) = 11.05
06-24 13:48 DEBUG    findfont: score(FontEntry(fname='/usr/share/fonts/truetype/lato/Lato-ThinItalic.ttf', name='Lato', style='italic', variant='normal', weight=200, stretch='normal', size='scalable')) = 10.24
06-24 13:48 DEBUG    findfont: score(FontEntry(fname='/usr/share/fonts/truetype/dejavu/DejaVuSerif.ttf', name='DejaVu Serif', style='normal', variant='normal', weight=400, stretch='normal', size='scalable')) = 11.05
06-24 13:48 DEBUG    findfont: score(FontEntry(fname='/usr/share/fonts/truetype/ubuntu/UbuntuMono-R.ttf', name='Ubuntu Mono', style='normal', variant='normal', weight=400, stretch='normal', size='scalable')) = 11.05
06-24 13:48 DEBUG    findfont: score(FontEntry(fname='/usr/share/fonts/truetype/lato/Lato-Thin.ttf', name='Lato', style='normal', variant='normal', weight=200, stretch='normal', size='scalable')) = 11.24
06-24 13:48 DEBUG    findfont: score(FontEntry(fname='/usr/share/fonts/truetype/ubuntu/UbuntuMono-BI.ttf', name='Ubuntu Mono', style='italic', variant='normal', weight=700, stretch='normal', size='scalable')) = 10.335
06-24 13:48 DEBUG    findfont: score(FontEntry(fname='/usr/share/fonts/truetype/lato/Lato-Light.ttf', name='Lato', style='normal', variant='normal', weight=300, stretch='normal', size='scalable')) = 11.145
06-24 13:48 DEBUG    findfont: score(FontEntry(fname='/usr/share/fonts/truetype/lato/Lato-Hairline.ttf', name='Lato', style='normal', variant='normal', weight=100, stretch='normal', size='scalable')) = 11.335
06-24 13:48 DEBUG    findfont: score(FontEntry(fname='/usr/share/fonts/truetype/ubuntu/Ubuntu-RI.ttf', name='Ubuntu', style='italic', variant='normal', weight=400, stretch='normal', size='scalable')) = 10.05
06-24 13:48 DEBUG    findfont: score(FontEntry(fname='/usr/share/fonts/truetype/dejavu/DejaVuSans-Bold.ttf', name='DejaVu Sans', style='normal', variant='normal', weight=700, stretch='normal', size='scalable')) = 3.335
06-24 13:48 DEBUG    findfont: score(FontEntry(fname='/usr/share/fonts/truetype/lato/Lato-Heavy.ttf', name='Lato', style='normal', variant='normal', weight=800, stretch='normal', size='scalable')) = 11.43
06-24 13:48 DEBUG    findfont: score(FontEntry(fname='/usr/share/fonts/truetype/dejavu/DejaVuSans.ttf', name='DejaVu Sans', style='normal', variant='normal', weight=400, stretch='normal', size='scalable')) = 3.05
06-24 13:48 DEBUG    findfont: score(FontEntry(fname='/usr/share/fonts/truetype/dejavu/DejaVuSansMono.ttf', name='DejaVu Sans Mono', style='normal', variant='normal', weight=400, stretch='normal', size='scalable')) = 11.05
06-24 13:48 DEBUG    findfont: score(FontEntry(fname='/usr/share/fonts/truetype/lato/Lato-Bold.ttf', name='Lato', style='normal', variant='normal', weight=700, stretch='normal', size='scalable')) = 11.335
06-24 13:48 DEBUG    findfont: score(FontEntry(fname='/usr/share/fonts/truetype/ubuntu/Ubuntu-Th.ttf', name='Ubuntu', style='normal', variant='normal', weight=250, stretch='normal', size='scalable')) = 11.1925
06-24 13:48 DEBUG    findfont: score(FontEntry(fname='/usr/share/fonts/truetype/lato/Lato-BlackItalic.ttf', name='Lato', style='italic', variant='normal', weight=900, stretch='normal', size='scalable')) = 10.525
06-24 13:48 DEBUG    findfont: score(FontEntry(fname='/usr/share/fonts/truetype/ubuntu/UbuntuMono-RI.ttf', name='Ubuntu Mono', style='italic', variant='normal', weight=400, stretch='normal', size='scalable')) = 10.05
06-24 13:48 DEBUG    findfont: score(FontEntry(fname='/usr/share/fonts/truetype/lato/Lato-BoldItalic.ttf', name='Lato', style='italic', variant='normal', weight=700, stretch='normal', size='scalable')) = 10.335
06-24 13:48 DEBUG    findfont: score(FontEntry(fname='/usr/share/fonts/truetype/ubuntu/Ubuntu-B.ttf', name='Ubuntu', style='normal', variant='normal', weight=700, stretch='normal', size='scalable')) = 11.335
06-24 13:48 DEBUG    findfont: score(FontEntry(fname='/usr/share/fonts/truetype/lato/Lato-HairlineItalic.ttf', name='Lato', style='italic', variant='normal', weight=100, stretch='normal', size='scalable')) = 10.335
06-24 13:48 DEBUG    findfont: score(FontEntry(fname='/usr/share/fonts/truetype/lato/Lato-MediumItalic.ttf', name='Lato', style='italic', variant='normal', weight=500, stretch='normal', size='scalable')) = 10.145
06-24 13:48 DEBUG    findfont: score(FontEntry(fname='/usr/share/fonts/truetype/lato/Lato-Medium.ttf', name='Lato', style='normal', variant='normal', weight=500, stretch='normal', size='scalable')) = 11.145
06-24 13:48 DEBUG    findfont: score(FontEntry(fname='/usr/share/fonts/truetype/dejavu/DejaVuSerif-Bold.ttf', name='DejaVu Serif', style='normal', variant='normal', weight=700, stretch='normal', size='scalable')) = 11.335
06-24 13:48 DEBUG    findfont: score(FontEntry(fname='/usr/share/fonts/truetype/lato/Lato-SemiboldItalic.ttf', name='Lato', style='italic', variant='normal', weight=600, stretch='normal', size='scalable')) = 10.24
06-24 13:48 DEBUG    findfont: Matching sans\-serif:style=italic:variant=normal:weight=normal:stretch=normal:size=10.0 to DejaVu Sans ('/root/miniconda3/envs/gtdbtk_new/lib/python3.10/site-packages/matplotlib/mpl-data/fonts/ttf/DejaVuSans-Oblique.ttf') with score of 2.150000.
06-24 13:48 DEBUG    Assigning font /F1 = '/root/miniconda3/envs/gtdbtk_new/lib/python3.10/site-packages/matplotlib/mpl-data/fonts/ttf/DejaVuSans.ttf'
06-24 13:48 DEBUG    Assigning font /F2 = '/root/miniconda3/envs/gtdbtk_new/lib/python3.10/site-packages/matplotlib/mpl-data/fonts/ttf/DejaVuSans-Oblique.ttf'
06-24 13:48 DEBUG    Embedding font /root/miniconda3/envs/gtdbtk_new/lib/python3.10/site-packages/matplotlib/mpl-data/fonts/ttf/DejaVuSans-Oblique.ttf.
06-24 13:48 DEBUG    Writing TrueType font.
06-24 13:48 DEBUG    Embedding font /root/miniconda3/envs/gtdbtk_new/lib/python3.10/site-packages/matplotlib/mpl-data/fonts/ttf/DejaVuSans.ttf.
06-24 13:48 DEBUG    Writing TrueType font.
06-24 13:48 INFO     Plotting scatterplots
06-24 13:48 DEBUG    Assigning font /F1 = '/root/miniconda3/envs/gtdbtk_new/lib/python3.10/site-packages/matplotlib/mpl-data/fonts/ttf/DejaVuSans.ttf'
06-24 13:48 DEBUG    Embedding font /root/miniconda3/envs/gtdbtk_new/lib/python3.10/site-packages/matplotlib/mpl-data/fonts/ttf/DejaVuSans.ttf.
06-24 13:48 DEBUG    Writing TrueType font.
06-24 13:48 INFO     
$$$$$$$$$$$$$$$$$$$$$$$$$$$$$$$$$$$$$$$$$$$$$$$$$$$$$$$$$$$$$$$$$$$$$$$$$$$$$$$$

    ..:: dRep compare finished ::..

Genome comparison data............... /mnt/d/MuhammadBilal/scripts/ANI-Analysis-Tutorial/ani-analysis-tutorial-project/example_outputs/drep/drep_compare/data_tables/
Figures.............................. /mnt/d/MuhammadBilal/scripts/ANI-Analysis-Tutorial/ani-analysis-tutorial-project/example_outputs/drep/drep_compare/figures/
Warnings............................. /mnt/d/MuhammadBilal/scripts/ANI-Analysis-Tutorial/ani-analysis-tutorial-project/example_outputs/drep/drep_compare/log/warnings.txt

$$$$$$$$$$$$$$$$$$$$$$$$$$$$$$$$$$$$$$$$$$$$$$$$$$$$$$$$$$$$$$$$$$$$$$$$$$$$$$$$
    
06-24 13:48 DEBUG    !!! Finished the compare operation !!!
